persona,camara,emocion,archivo,num_frames,alto,ancho,canales,timestamp
p034,camaraInfrarroja,Neutral,p034\camaraInfrarroja\Neutral.npy,8,64,64,3,2026-04-22 21:10:53
p034,camaraWeb,Asco,p034\camaraWeb\Asco.npy,12,64,64,3,2026-04-22 21:10:55
p034,camaraWeb,Felicidad,p034\camaraWeb\Felicidad.npy,12,64,64,3,2026-04-22 21:10:56
p034,camaraWeb,Miedo,p034\camaraWeb\Miedo.npy,12,64,64,3,2026-04-22 21:10:57
p034,camaraWeb,Neutral,p034\camaraWeb\Neutral.npy,12,64,64,3,2026-04-22 21:10:58
p034,camaraWeb,Sorpresa,p034\camaraWeb\Sorpresa.npy,12,64,64,3,2026-04-22 21:10:59
p035,camaraInfrarroja,Asco,p035\camaraInfrarroja\Asco.npy,12,64,64,3,2026-04-22 21:11:01
p035,camaraInfrarroja,Enojo,p035\camaraInfrarroja\Enojo.npy,12,64,64,3,2026-04-22 21:11:02
p035,camaraInfrarroja,Felicidad,p035\camaraInfrarroja\Felicidad.npy,12,64,64,3,2026-04-22 21:11:04
p035,camaraInfrarroja,Miedo,p035\camaraInfrarroja\Miedo.npy,12,64,64,3,2026-04-22 21:11:05
p035,camaraInfrarroja,Neutral,p035\camaraInfrarroja\Neutral.npy,12,64,64,3,2026-04-22 21:11:07
p035,camaraInfrarroja,Sorpresa,p035\camaraInfrarroja\Sorpresa.npy,12,64,64,3,2026-04-22 21:11:09
p035,camaraInfrarroja,Tristeza,p035\camaraInfrarroja\Tristeza.npy,12,64,64,3,2026-04-22 21:11:10
p035,camaraWeb,Asco,p035\camaraWeb\Asco.npy,12,64,64,3,2026-04-22 21:11:11
p035,camaraWeb,Enojo,p035\camaraWeb\Enojo.npy,12,64,64,3,2026-04-22 21:11:12
p035,camaraWeb,Felicidad,p035\camaraWeb\Felicidad.npy,12,64,64,3,2026-04-22 21:11:13
p035,camaraWeb,Miedo,p035\camaraWeb\Miedo.npy,12,64,64,3,2026-04-22 21:11:14
p035,camaraWeb,Neutral,p035\camaraWeb\Neutral.npy,12,64,64,3,2026-04-22 21:11:15
p035,camaraWeb,Sorpresa,p035\camaraWeb\Sorpresa.npy,12,64,64,3,2026-04-22 21:11:16
p035,camaraWeb,Tristeza,p035\camaraWeb\Tristeza.npy,12,64,64,3,2026-04-22 21:11:17
p036,camaraInfrarroja,Felicidad,p036\camaraInfrarroja\Felicidad.npy,1,64,64,3,2026-04-22 21:11:18
p036,camaraInfrarroja,Neutral,p036\camaraInfrarroja\Neutral.npy,8,64,64,3,2026-04-22 21:11:21
p036,camaraWeb,Felicidad,p036\camaraWeb\Felicidad.npy,12,64,64,3,2026-04-22 21:11:25
p036,camaraWeb,Miedo,p036\camaraWeb\Miedo.npy,12,64,64,3,2026-04-22 21:11:25
p036,camaraWeb,Neutral,p036\camaraWeb\Neutral.npy,12,64,64,3,2026-04-22 21:11:26
p036,camaraWeb,Sorpresa,p036\camaraWeb\Sorpresa.npy,12,64,64,3,2026-04-22 21:11:27
p036,camaraWeb,Tristeza,p036\camaraWeb\Tristeza.npy,12,64,64,3,2026-04-22 21:11:28
p037,camaraWeb,Asco,p037\camaraWeb\Asco.npy,12,64,64,3,2026-04-22 21:11:34
p037,camaraWeb,Felicidad,p037\camaraWeb\Felicidad.npy,12,64,64,3,2026-04-22 21:11:35
p037,camaraWeb,Neutral,p037\camaraWeb\Neutral.npy,12,64,64,3,2026-04-22 21:11:35
p037,camaraWeb,Sorpresa,p037\camaraWeb\Sorpresa.npy,12,64,64,3,2026-04-22 21:11:36
p038,camaraInfrarroja,Asco,p038\camaraInfrarroja\Asco.npy,12,64,64,3,2026-04-22 21:11:38
p038,camaraInfrarroja,Enojo,p038\camaraInfrarroja\Enojo.npy,12,64,64,3,2026-04-22 21:11:39
p038,camaraInfrarroja,Felicidad,p038\camaraInfrarroja\Felicidad.npy,12,64,64,3,2026-04-22 21:11:41
p038,camaraInfrarroja,Miedo,p038\camaraInfrarroja\Miedo.npy,12,64,64,3,2026-04-22 21:11:42
p038,camaraInfrarroja,Neutral,p038\camaraInfrarroja\Neutral.npy,12,64,64,3,2026-04-22 21:11:44
p038,camaraInfrarroja,Sorpresa,p038\camaraInfrarroja\Sorpresa.npy,12,64,64,3,2026-04-22 21:11:46
p038,camaraInfrarroja,Tristeza,p038\camaraInfrarroja\Tristeza.npy,12,64,64,3,2026-04-22 21:11:47
p038,camaraWeb,Asco,p038\camaraWeb\Asco.npy,12,64,64,3,2026-04-22 21:11:48
p038,camaraWeb,Enojo,p038\camaraWeb\Enojo.npy,12,64,64,3,2026-04-22 21:11:49
p038,camaraWeb,Felicidad,p038\camaraWeb\Felicidad.npy,12,64,64,3,2026-04-22 21:11:50
p038,camaraWeb,Miedo,p038\camaraWeb\Miedo.npy,12,64,64,3,2026-04-22 21:11:51
p038,camaraWeb,Neutral,p038\camaraWeb\Neutral.npy,12,64,64,3,2026-04-22 21:11:52
p038,camaraWeb,Sorpresa,p038\camaraWeb\Sorpresa.npy,12,64,64,3,2026-04-22 21:11:52
p038,camaraWeb,Tristeza,p038\camaraWeb\Tristeza.npy,12,64,64,3,2026-04-22 21:11:53
p040,camaraInfrarroja,Enojo,p040\camaraInfrarroja\Enojo.npy,12,64,64,3,2026-04-22 21:11:55
p040,camaraInfrarroja,Neutral,p040\camaraInfrarroja\Neutral.npy,12,64,64,3,2026-04-22 21:11:57
p040,camaraInfrarroja,Sorpresa,p040\camaraInfrarroja\Sorpresa.npy,12,64,64,3,2026-04-22 21:11:58
p040,camaraInfrarroja,Tristeza,p040\camaraInfrarroja\Tristeza.npy,12,64,64,3,2026-04-22 21:12:00
p040,camaraWeb,Enojo,p040\camaraWeb\Enojo.npy,12,64,64,3,2026-04-22 21:12:00
p040,camaraWeb,Neutral,p040\camaraWeb\Neutral.npy,12,64,64,3,2026-04-22 21:12:01
p040,camaraWeb,Sorpresa,p040\camaraWeb\Sorpresa.npy,12,64,64,3,2026-04-22 21:12:02
p040,camaraWeb,Tristeza,p040\camaraWeb\Tristeza.npy,12,64,64,3,2026-04-22 21:12:03
p041,camaraInfrarroja,Miedo,p041\camaraInfrarroja\Miedo.npy,7,64,64,3,2026-04-22 21:12:05
p041,camaraInfrarroja,Neutral,p041\camaraInfrarroja\Neutral.npy,12,64,64,3,2026-04-22 21:12:06
p041,camaraInfrarroja,Sorpresa,p041\camaraInfrarroja\Sorpresa.npy,9,64,64,3,2026-04-22 21:12:08
p041,camaraInfrarroja,Tristeza,p041\camaraInfrarroja\Tristeza.npy,10,64,64,3,2026-04-22 21:12:09
p041,camaraWeb,Miedo,p041\camaraWeb\Miedo.npy,12,64,64,3,2026-04-22 21:12:10
p041,camaraWeb,Neutral,p041\camaraWeb\Neutral.npy,12,64,64,3,2026-04-22 21:12:11
p041,camaraWeb,Sorpresa,p041\camaraWeb\Sorpresa.npy,12,64,64,3,2026-04-22 21:12:12
p041,camaraWeb,Tristeza,p041\camaraWeb\Tristeza.npy,12,64,64,3,2026-04-22 21:12:13
p042,camaraInfrarroja,Asco,p042\camaraInfrarroja\Asco.npy,12,64,64,3,2026-04-22 21:12:14
p042,camaraInfrarroja,Enojo,p042\camaraInfrarroja\Enojo.npy,12,64,64,3,2026-04-22 21:12:16
p042,camaraInfrarroja,Felicidad,p042\camaraInfrarroja\Felicidad.npy,12,64,64,3,2026-04-22 21:12:18
p042,camaraInfrarroja,Neutral,p042\camaraInfrarroja\Neutral.npy,12,64,64,3,2026-04-22 21:12:19
p042,camaraInfrarroja,Sorpresa,p042\camaraInfrarroja\Sorpresa.npy,12,64,64,3,2026-04-22 21:12:21
p042,camaraInfrarroja,Tristeza,p042\camaraInfrarroja\Tristeza.npy,12,64,64,3,2026-04-22 21:12:22
p042,camaraWeb,Asco,p042\camaraWeb\Asco.npy,12,64,64,3,2026-04-22 21:12:23
p042,camaraWeb,Enojo,p042\camaraWeb\Enojo.npy,12,64,64,3,2026-04-22 21:12:24
p042,camaraWeb,Felicidad,p042\camaraWeb\Felicidad.npy,12,64,64,3,2026-04-22 21:12:25
p042,camaraWeb,Neutral,p042\camaraWeb\Neutral.npy,12,64,64,3,2026-04-22 21:12:26
p042,camaraWeb,Sorpresa,p042\camaraWeb\Sorpresa.npy,12,64,64,3,2026-04-22 21:12:26
p042,camaraWeb,Tristeza,p042\camaraWeb\Tristeza.npy,12,64,64,3,2026-04-22 21:12:27
p043,camaraInfrarroja,Asco,p043\camaraInfrarroja\Asco.npy,12,64,64,3,2026-04-22 21:12:29
p043,camaraInfrarroja,Felicidad,p043\camaraInfrarroja\Felicidad.npy,12,64,64,3,2026-04-22 21:12:30
p043,camaraInfrarroja,Neutral,p043\camaraInfrarroja\Neutral.npy,12,64,64,3,2026-04-22 21:12:32
p043,camaraInfrarroja,Sorpresa,p043\camaraInfrarroja\Sorpresa.npy,12,64,64,3,2026-04-22 21:12:33
p043,camaraInfrarroja,Tristeza,p043\camaraInfrarroja\Tristeza.npy,12,64,64,3,2026-04-22 21:12:35
p043,camaraWeb,Asco,p043\camaraWeb\Asco.npy,12,64,64,3,2026-04-22 21:12:36
p043,camaraWeb,Felicidad,p043\camaraWeb\Felicidad.npy,12,64,64,3,2026-04-22 21:12:37
p043,camaraWeb,Neutral,p043\camaraWeb\Neutral.npy,12,64,64,3,2026-04-22 21:12:38
p043,camaraWeb,Sorpresa,p043\camaraWeb\Sorpresa.npy,12,64,64,3,2026-04-22 21:12:38
p043,camaraWeb,Tristeza,p043\camaraWeb\Tristeza.npy,12,64,64,3,2026-04-22 21:12:39
p044,camaraInfrarroja,Asco,p044\camaraInfrarroja\Asco.npy,12,64,64,3,2026-04-22 21:12:41
p044,camaraInfrarroja,Enojo,p044\camaraInfrarroja\Enojo.npy,12,64,64,3,2026-04-22 21:12:43
p044,camaraInfrarroja,Felicidad,p044\camaraInfrarroja\Felicidad.npy,12,64,64,3,2026-04-22 21:12:44
p044,camaraInfrarroja,Miedo,p044\camaraInfrarroja\Miedo.npy,12,64,64,3,2026-04-22 21:12:47
p044,camaraInfrarroja,Neutral,p044\camaraInfrarroja\Neutral.npy,12,64,64,3,2026-04-22 21:12:49
p044,camaraInfrarroja,Tristeza,p044\camaraInfrarroja\Tristeza.npy,12,64,64,3,2026-04-22 21:12:50
p044,camaraWeb,Asco,p044\camaraWeb\Asco.npy,12,64,64,3,2026-04-22 21:12:51
p044,camaraWeb,Enojo,p044\camaraWeb\Enojo.npy,12,64,64,3,2026-04-22 21:12:52
p044,camaraWeb,Felicidad,p044\camaraWeb\Felicidad.npy,12,64,64,3,2026-04-22 21:12:53
p044,camaraWeb,Miedo,p044\camaraWeb\Miedo.npy,12,64,64,3,2026-04-22 21:12:54
p044,camaraWeb,Neutral,p044\camaraWeb\Neutral.npy,12,64,64,3,2026-04-22 21:12:55
p044,camaraWeb,Tristeza,p044\camaraWeb\Tristeza.npy,12,64,64,3,2026-04-22 21:12:56
p045,camaraInfrarroja,Felicidad,p045\camaraInfrarroja\Felicidad.npy,12,64,64,3,2026-04-22 21:12:59
p045,camaraInfrarroja,Neutral,p045\camaraInfrarroja\Neutral.npy,8,64,64,3,2026-04-22 21:13:01
p045,camaraWeb,Asco,p045\camaraWeb\Asco.npy,12,64,64,3,2026-04-22 21:13:05
p045,camaraWeb,Felicidad,p045\camaraWeb\Felicidad.npy,12,64,64,3,2026-04-22 21:13:06
p045,camaraWeb,Miedo,p045\camaraWeb\Miedo.npy,12,64,64,3,2026-04-22 21:13:07
p045,camaraWeb,Neutral,p045\camaraWeb\Neutral.npy,12,64,64,3,2026-04-22 21:13:08
p045,camaraWeb,Sorpresa,p045\camaraWeb\Sorpresa.npy,12,64,64,3,2026-04-22 21:13:08
p045,camaraWeb,Tristeza,p045\camaraWeb\Tristeza.npy,12,64,64,3,2026-04-22 21:13:09
p046,camaraInfrarroja,Asco,p046\camaraInfrarroja\Asco.npy,8,64,64,3,2026-04-22 21:13:11
p046,camaraInfrarroja,Enojo,p046\camaraInfrarroja\Enojo.npy,8,64,64,3,2026-04-22 21:13:12
p046,camaraInfrarroja,Felicidad,p046\camaraInfrarroja\Felicidad.npy,8,64,64,3,2026-04-22 21:13:13
p046,camaraInfrarroja,Miedo,p046\camaraInfrarroja\Miedo.npy,8,64,64,3,2026-04-22 21:13:14
p046,camaraInfrarroja,Neutral,p046\camaraInfrarroja\Neutral.npy,8,64,64,3,2026-04-22 21:13:15
p046,camaraInfrarroja,Sorpresa,p046\camaraInfrarroja\Sorpresa.npy,8,64,64,3,2026-04-22 21:13:16
p046,camaraInfrarroja,Tristeza,p046\camaraInfrarroja\Tristeza.npy,8,64,64,3,2026-04-22 21:13:17
p046,camaraWeb,Asco,p046\camaraWeb\Asco.npy,8,64,64,3,2026-04-22 21:13:18
p046,camaraWeb,Enojo,p046\camaraWeb\Enojo.npy,8,64,64,3,2026-04-22 21:13:18
p046,camaraWeb,Felicidad,p046\camaraWeb\Felicidad.npy,8,64,64,3,2026-04-22 21:13:19
p046,camaraWeb,Miedo,p046\camaraWeb\Miedo.npy,8,64,64,3,2026-04-22 21:13:20
p046,camaraWeb,Neutral,p046\camaraWeb\Neutral.npy,8,64,64,3,2026-04-22 21:13:20
p046,camaraWeb,Sorpresa,p046\camaraWeb\Sorpresa.npy,8,64,64,3,2026-04-22 21:13:21
p046,camaraWeb,Tristeza,p046\camaraWeb\Tristeza.npy,8,64,64,3,2026-04-22 21:13:22
p047,camaraInfrarroja,Asco,p047\camaraInfrarroja\Asco.npy,8,64,64,3,2026-04-22 21:13:23
p047,camaraInfrarroja,Enojo,p047\camaraInfrarroja\Enojo.npy,8,64,64,3,2026-04-22 21:13:24
p047,camaraInfrarroja,Felicidad,p047\camaraInfrarroja\Felicidad.npy,8,64,64,3,2026-04-22 21:13:25
p047,camaraInfrarroja,Neutral,p047\camaraInfrarroja\Neutral.npy,8,64,64,3,2026-04-22 21:13:26
p047,camaraInfrarroja,Tristeza,p047\camaraInfrarroja\Tristeza.npy,8,64,64,3,2026-04-22 21:13:27
p047,camaraWeb,Asco,p047\camaraWeb\Asco.npy,8,64,64,3,2026-04-22 21:13:28
p047,camaraWeb,Enojo,p047\camaraWeb\Enojo.npy,8,64,64,3,2026-04-22 21:13:28
p047,camaraWeb,Felicidad,p047\camaraWeb\Felicidad.npy,8,64,64,3,2026-04-22 21:13:29
p047,camaraWeb,Neutral,p047\camaraWeb\Neutral.npy,8,64,64,3,2026-04-22 21:13:30
p047,camaraWeb,Tristeza,p047\camaraWeb\Tristeza.npy,8,64,64,3,2026-04-22 21:13:30
p048,camaraInfrarroja,Enojo,p048\camaraInfrarroja\Enojo.npy,7,64,64,3,2026-04-22 21:13:31
p048,camaraInfrarroja,Felicidad,p048\camaraInfrarroja\Felicidad.npy,7,64,64,3,2026-04-22 21:13:32
p048,camaraInfrarroja,Neutral,p048\camaraInfrarroja\Neutral.npy,7,64,64,3,2026-04-22 21:13:33
p048,camaraInfrarroja,Sorpresa,p048\camaraInfrarroja\Sorpresa.npy,7,64,64,3,2026-04-22 21:13:34
p049,camaraInfrarroja,Enojo,p049\camaraInfrarroja\Enojo.npy,8,64,64,3,2026-04-22 21:13:35
p049,camaraInfrarroja,Felicidad,p049\camaraInfrarroja\Felicidad.npy,8,64,64,3,2026-04-22 21:13:37
p049,camaraInfrarroja,Miedo,p049\camaraInfrarroja\Miedo.npy,8,64,64,3,2026-04-22 21:13:38
p049,camaraInfrarroja,Neutral,p049\camaraInfrarroja\Neutral.npy,8,64,64,3,2026-04-22 21:13:39
p049,camaraWeb,Enojo,p049\camaraWeb\Enojo.npy,8,64,64,3,2026-04-22 21:13:39
p049,camaraWeb,Felicidad,p049\camaraWeb\Felicidad.npy,8,64,64,3,2026-04-22 21:13:40
p049,camaraWeb,Miedo,p049\camaraWeb\Miedo.npy,8,64,64,3,2026-04-22 21:13:41
p049,camaraWeb,Neutral,p049\camaraWeb\Neutral.npy,8,64,64,3,2026-04-22 21:13:41
p050,camaraInfrarroja,Asco,p050\camaraInfrarroja\Asco.npy,3,64,64,3,2026-04-22 21:13:42
p050,camaraInfrarroja,Enojo,p050\camaraInfrarroja\Enojo.npy,8,64,64,3,2026-04-22 21:13:43
p050,camaraInfrarroja,Felicidad,p050\camaraInfrarroja\Felicidad.npy,8,64,64,3,2026-04-22 21:13:44
p050,camaraInfrarroja,Miedo,p050\camaraInfrarroja\Miedo.npy,6,64,64,3,2026-04-22 21:13:46
p050,camaraInfrarroja,Tristeza,p050\camaraInfrarroja\Tristeza.npy,4,64,64,3,2026-04-22 21:13:48
p050,camaraWeb,Asco,p050\camaraWeb\Asco.npy,8,64,64,3,2026-04-22 21:13:49
p050,camaraWeb,Enojo,p050\camaraWeb\Enojo.npy,8,64,64,3,2026-04-22 21:13:50
p050,camaraWeb,Felicidad,p050\camaraWeb\Felicidad.npy,8,64,64,3,2026-04-22 21:13:50
p050,camaraWeb,Miedo,p050\camaraWeb\Miedo.npy,8,64,64,3,2026-04-22 21:13:51
p050,camaraWeb,Neutral,p050\camaraWeb\Neutral.npy,8,64,64,3,2026-04-22 21:13:51
p050,camaraWeb,Sorpresa,p050\camaraWeb\Sorpresa.npy,8,64,64,3,2026-04-22 21:13:51
p050,camaraWeb,Tristeza,p050\camaraWeb\Tristeza.npy,8,64,64,3,2026-04-22 21:13:52
p051,camaraInfrarroja,Asco,p051\camaraInfrarroja\Asco.npy,8,64,64,3,2026-04-22 21:13:52
p051,camaraInfrarroja,Enojo,p051\camaraInfrarroja\Enojo.npy,8,64,64,3,2026-04-22 21:13:53
p051,camaraInfrarroja,Felicidad,p051\camaraInfrarroja\Felicidad.npy,8,64,64,3,2026-04-22 21:13:53
p051,camaraInfrarroja,Miedo,p051\camaraInfrarroja\Miedo.npy,8,64,64,3,2026-04-22 21:13:54
p051,camaraInfrarroja,Neutral,p051\camaraInfrarroja\Neutral.npy,8,64,64,3,2026-04-22 21:13:54
p051,camaraInfrarroja,Sorpresa,p051\camaraInfrarroja\Sorpresa.npy,8,64,64,3,2026-04-22 21:13:55
p051,camaraWeb,Asco,p051\camaraWeb\Asco.npy,8,64,64,3,2026-04-22 21:13:55
p051,camaraWeb,Enojo,p051\camaraWeb\Enojo.npy,8,64,64,3,2026-04-22 21:13:56
p051,camaraWeb,Felicidad,p051\camaraWeb\Felicidad.npy,8,64,64,3,2026-04-22 21:13:56
p051,camaraWeb,Miedo,p051\camaraWeb\Miedo.npy,8,64,64,3,2026-04-22 21:13:56
p051,camaraWeb,Neutral,p051\camaraWeb\Neutral.npy,8,64,64,3,2026-04-22 21:13:57
p051,camaraWeb,Sorpresa,p051\camaraWeb\Sorpresa.npy,8,64,64,3,2026-04-22 21:13:57
p067,camaraInfrarroja,Neutral,p067\camaraInfrarroja\Neutral.npy,1,64,64,3,2026-04-22 21:13:59
p067,camaraWeb,Asco,p067\camaraWeb\Asco.npy,8,64,64,3,2026-04-22 21:14:01
p067,camaraWeb,Felicidad,p067\camaraWeb\Felicidad.npy,8,64,64,3,2026-04-22 21:14:01
p067,camaraWeb,Miedo,p067\camaraWeb\Miedo.npy,8,64,64,3,2026-04-22 21:14:01
p067,camaraWeb,Neutral,p067\camaraWeb\Neutral.npy,8,64,64,3,2026-04-22 21:14:02
p067,camaraWeb,Sorpresa,p067\camaraWeb\Sorpresa.npy,8,64,64,3,2026-04-22 21:14:02
p067,camaraWeb,Tristeza,p067\camaraWeb\Tristeza.npy,8,64,64,3,2026-04-22 21:14:02
p068,camaraWeb,Felicidad,p068\camaraWeb\Felicidad.npy,8,64,64,3,2026-04-22 21:14:04
p068,camaraWeb,Neutral,p068\camaraWeb\Neutral.npy,8,64,64,3,2026-04-22 21:14:04
p068,camaraWeb,Tristeza,p068\camaraWeb\Tristeza.npy,8,64,64,3,2026-04-22 21:14:05
p070,camaraInfrarroja,Miedo,p070\camaraInfrarroja\Miedo.npy,8,64,64,3,2026-04-22 21:14:06
p070,camaraInfrarroja,Neutral,p070\camaraInfrarroja\Neutral.npy,8,64,64,3,2026-04-22 21:14:07
p070,camaraWeb,Enojo,p070\camaraWeb\Enojo.npy,8,64,64,3,2026-04-22 21:14:07
p070,camaraWeb,Felicidad,p070\camaraWeb\Felicidad.npy,8,64,64,3,2026-04-22 21:14:08
p070,camaraWeb,Miedo,p070\camaraWeb\Miedo.npy,8,64,64,3,2026-04-22 21:14:08
p070,camaraWeb,Neutral,p070\camaraWeb\Neutral.npy,8,64,64,3,2026-04-22 21:14:08
p071,camaraInfrarroja,Enojo,p071\camaraInfrarroja\Enojo.npy,8,64,64,3,2026-04-22 21:14:09
p071,camaraInfrarroja,Neutral,p071\camaraInfrarroja\Neutral.npy,11,64,64,3,2026-04-22 21:14:10
p071,camaraInfrarroja,Tristeza,p071\camaraInfrarroja\Tristeza.npy,7,64,64,3,2026-04-22 21:14:11
p071,camaraWeb,Enojo,p071\camaraWeb\Enojo.npy,8,64,64,3,2026-04-22 21:14:11
p071,camaraWeb,Neutral,p071\camaraWeb\Neutral.npy,16,64,64,3,2026-04-22 21:14:11
p071,camaraWeb,Tristeza,p071\camaraWeb\Tristeza.npy,8,64,64,3,2026-04-22 21:14:12
p072,camaraInfrarroja,Asco,p072\camaraInfrarroja\Asco.npy,8,64,64,3,2026-04-22 21:14:12
p072,camaraInfrarroja,Enojo,p072\camaraInfrarroja\Enojo.npy,6,64,64,3,2026-04-22 21:14:13
p072,camaraInfrarroja,Felicidad,p072\camaraInfrarroja\Felicidad.npy,8,64,64,3,2026-04-22 21:14:13
p072,camaraInfrarroja,Neutral,p072\camaraInfrarroja\Neutral.npy,12,64,64,3,2026-04-22 21:14:14
p072,camaraInfrarroja,Sorpresa,p072\camaraInfrarroja\Sorpresa.npy,5,64,64,3,2026-04-22 21:14:15
p072,camaraInfrarroja,Tristeza,p072\camaraInfrarroja\Tristeza.npy,8,64,64,3,2026-04-22 21:14:16
p072,camaraWeb,Asco,p072\camaraWeb\Asco.npy,8,64,64,3,2026-04-22 21:14:16
p072,camaraWeb,Enojo,p072\camaraWeb\Enojo.npy,8,64,64,3,2026-04-22 21:14:17
p072,camaraWeb,Felicidad,p072\camaraWeb\Felicidad.npy,8,64,64,3,2026-04-22 21:14:17
p072,camaraWeb,Neutral,p072\camaraWeb\Neutral.npy,16,64,64,3,2026-04-22 21:14:18
p072,camaraWeb,Sorpresa,p072\camaraWeb\Sorpresa.npy,8,64,64,3,2026-04-22 21:14:19
p072,camaraWeb,Tristeza,p072\camaraWeb\Tristeza.npy,8,64,64,3,2026-04-22 21:14:20
p073,camaraInfrarroja,Neutral,p073\camaraInfrarroja\Neutral.npy,4,64,64,3,2026-04-22 21:14:21
p073,camaraWeb,Enojo,p073\camaraWeb\Enojo.npy,8,64,64,3,2026-04-22 21:14:23
p073,camaraWeb,Felicidad,p073\camaraWeb\Felicidad.npy,8,64,64,3,2026-04-22 21:14:23
p073,camaraWeb,Miedo,p073\camaraWeb\Miedo.npy,8,64,64,3,2026-04-22 21:14:23
p073,camaraWeb,Neutral,p073\camaraWeb\Neutral.npy,8,64,64,3,2026-04-22 21:14:24
p073,camaraWeb,Sorpresa,p073\camaraWeb\Sorpresa.npy,8,64,64,3,2026-04-22 21:14:24
p073,camaraWeb,Tristeza,p073\camaraWeb\Tristeza.npy,8,64,64,3,2026-04-22 21:14:24
p081,camaraInfrarroja,Asco,p081\camaraInfrarroja\Asco.npy,12,64,64,3,2026-04-22 21:14:25
p081,camaraInfrarroja,Felicidad,p081\camaraInfrarroja\Felicidad.npy,12,64,64,3,2026-04-22 21:14:26
p081,camaraInfrarroja,Neutral,p081\camaraInfrarroja\Neutral.npy,12,64,64,3,2026-04-22 21:14:27
p081,camaraInfrarroja,Sorpresa,p081\camaraInfrarroja\Sorpresa.npy,12,64,64,3,2026-04-22 21:14:28
p081,camaraWeb,Asco,p081\camaraWeb\Asco.npy,12,64,64,3,2026-04-22 21:14:28
p081,camaraWeb,Felicidad,p081\camaraWeb\Felicidad.npy,12,64,64,3,2026-04-22 21:14:29
p081,camaraWeb,Neutral,p081\camaraWeb\Neutral.npy,12,64,64,3,2026-04-22 21:14:29
p081,camaraWeb,Sorpresa,p081\camaraWeb\Sorpresa.npy,12,64,64,3,2026-04-22 21:14:30
p082,camaraInfrarroja,Asco,p082\camaraInfrarroja\Asco.npy,10,64,64,3,2026-04-22 21:14:31
p082,camaraInfrarroja,Enojo,p082\camaraInfrarroja\Enojo.npy,12,64,64,3,2026-04-22 21:14:31
p082,camaraInfrarroja,Felicidad,p082\camaraInfrarroja\Felicidad.npy,6,64,64,3,2026-04-22 21:14:32
p082,camaraInfrarroja,Neutral,p082\camaraInfrarroja\Neutral.npy,12,64,64,3,2026-04-22 21:14:33
p082,camaraInfrarroja,Sorpresa,p082\camaraInfrarroja\Sorpresa.npy,12,64,64,3,2026-04-22 21:14:34
p082,camaraInfrarroja,Tristeza,p082\camaraInfrarroja\Tristeza.npy,12,64,64,3,2026-04-22 21:14:35
p082,camaraWeb,Asco,p082\camaraWeb\Asco.npy,12,64,64,3,2026-04-22 21:14:35
p082,camaraWeb,Enojo,p082\camaraWeb\Enojo.npy,12,64,64,3,2026-04-22 21:14:36
p082,camaraWeb,Felicidad,p082\camaraWeb\Felicidad.npy,10,64,64,3,2026-04-22 21:14:36
p082,camaraWeb,Neutral,p082\camaraWeb\Neutral.npy,12,64,64,3,2026-04-22 21:14:36
p082,camaraWeb,Sorpresa,p082\camaraWeb\Sorpresa.npy,12,64,64,3,2026-04-22 21:14:37
p082,camaraWeb,Tristeza,p082\camaraWeb\Tristeza.npy,12,64,64,3,2026-04-22 21:14:38
p083,camaraInfrarroja,Neutral,p083\camaraInfrarroja\Neutral.npy,12,64,64,3,2026-04-22 21:14:40
p083,camaraInfrarroja,Sorpresa,p083\camaraInfrarroja\Sorpresa.npy,2,64,64,3,2026-04-22 21:14:41
p083,camaraWeb,Enojo,p083\camaraWeb\Enojo.npy,12,64,64,3,2026-04-22 21:14:42
p083,camaraWeb,Felicidad,p083\camaraWeb\Felicidad.npy,12,64,64,3,2026-04-22 21:14:42
p083,camaraWeb,Miedo,p083\camaraWeb\Miedo.npy,12,64,64,3,2026-04-22 21:14:43
p083,camaraWeb,Neutral,p083\camaraWeb\Neutral.npy,12,64,64,3,2026-04-22 21:14:43
p083,camaraWeb,Sorpresa,p083\camaraWeb\Sorpresa.npy,12,64,64,3,2026-04-22 21:14:43
p084,camaraWeb,Asco,p084\camaraWeb\Asco.npy,12,64,64,3,2026-04-22 21:14:47
p084,camaraWeb,Neutral,p084\camaraWeb\Neutral.npy,12,64,64,3,2026-04-22 21:14:48
p084,camaraWeb,Sorpresa,p084\camaraWeb\Sorpresa.npy,10,64,64,3,2026-04-22 21:14:48
p084,camaraWeb,Tristeza,p084\camaraWeb\Tristeza.npy,12,64,64,3,2026-04-22 21:14:49
p086,camaraInfrarroja,Asco,p086\camaraInfrarroja\Asco.npy,33,64,64,3,2026-04-22 21:14:51
p086,camaraInfrarroja,Enojo,p086\camaraInfrarroja\Enojo.npy,171,64,64,3,2026-04-22 21:14:58
p086,camaraInfrarroja,Felicidad,p086\camaraInfrarroja\Felicidad.npy,69,64,64,3,2026-04-22 21:15:01
p086,camaraInfrarroja,Miedo,p086\camaraInfrarroja\Miedo.npy,158,64,64,3,2026-04-22 21:15:06
p086,camaraInfrarroja,Neutral,p086\camaraInfrarroja\Neutral.npy,83,64,64,3,2026-04-22 21:15:10
p086,camaraInfrarroja,Sorpresa,p086\camaraInfrarroja\Sorpresa.npy,82,64,64,3,2026-04-22 21:15:13
p086,camaraInfrarroja,Tristeza,p086\camaraInfrarroja\Tristeza.npy,320,64,64,3,2026-04-22 21:15:26
p086,camaraWeb,Asco,p086\camaraWeb\Asco.npy,33,64,64,3,2026-04-22 21:15:28
p086,camaraWeb,Enojo,p086\camaraWeb\Enojo.npy,171,64,64,3,2026-04-22 21:15:35
p086,camaraWeb,Felicidad,p086\camaraWeb\Felicidad.npy,69,64,64,3,2026-04-22 21:15:38
p086,camaraWeb,Miedo,p086\camaraWeb\Miedo.npy,158,64,64,3,2026-04-22 21:15:46
p086,camaraWeb,Neutral,p086\camaraWeb\Neutral.npy,83,64,64,3,2026-04-22 21:15:49
p086,camaraWeb,Sorpresa,p086\camaraWeb\Sorpresa.npy,82,64,64,3,2026-04-22 21:15:53
p086,camaraWeb,Tristeza,p086\camaraWeb\Tristeza.npy,320,64,64,3,2026-04-22 21:16:07
p087,camaraInfrarroja,Asco,p087\camaraInfrarroja\Asco.npy,45,64,64,3,2026-04-22 21:16:10
p087,camaraInfrarroja,Enojo,p087\camaraInfrarroja\Enojo.npy,271,64,64,3,2026-04-22 21:16:30
p087,camaraInfrarroja,Felicidad,p087\camaraInfrarroja\Felicidad.npy,50,64,64,3,2026-04-22 21:16:33
p087,camaraInfrarroja,Miedo,p087\camaraInfrarroja\Miedo.npy,181,64,64,3,2026-04-22 21:16:40
p087,camaraInfrarroja,Neutral,p087\camaraInfrarroja\Neutral.npy,79,64,64,3,2026-04-22 21:16:43
p087,camaraInfrarroja,Sorpresa,p087\camaraInfrarroja\Sorpresa.npy,89,64,64,3,2026-04-22 21:16:46
p087,camaraInfrarroja,Tristeza,p087\camaraInfrarroja\Tristeza.npy,178,64,64,3,2026-04-22 21:16:53
p087,camaraWeb,Asco,p087\camaraWeb\Asco.npy,45,64,64,3,2026-04-22 21:16:55
p087,camaraWeb,Enojo,p087\camaraWeb\Enojo.npy,271,64,64,3,2026-04-22 21:17:06
p087,camaraWeb,Felicidad,p087\camaraWeb\Felicidad.npy,33,64,64,3,2026-04-22 21:17:09
p087,camaraWeb,Miedo,p087\camaraWeb\Miedo.npy,181,64,64,3,2026-04-22 21:17:23
p087,camaraWeb,Neutral,p087\camaraWeb\Neutral.npy,79,64,64,3,2026-04-22 21:17:30
p087,camaraWeb,Sorpresa,p087\camaraWeb\Sorpresa.npy,89,64,64,3,2026-04-22 21:17:37
p087,camaraWeb,Tristeza,p087\camaraWeb\Tristeza.npy,178,64,64,3,2026-04-22 21:17:53
p088,camaraInfrarroja,Asco,p088\camaraInfrarroja\Asco.npy,82,64,64,3,2026-04-22 21:17:56
p088,camaraInfrarroja,Enojo,p088\camaraInfrarroja\Enojo.npy,193,64,64,3,2026-04-22 21:18:14
p088,camaraInfrarroja,Felicidad,p088\camaraInfrarroja\Felicidad.npy,40,64,64,3,2026-04-22 21:18:16
p088,camaraInfrarroja,Miedo,p088\camaraInfrarroja\Miedo.npy,207,64,64,3,2026-04-22 21:18:36
p088,camaraInfrarroja,Neutral,p088\camaraInfrarroja\Neutral.npy,47,64,64,3,2026-04-22 21:18:39
p088,camaraInfrarroja,Sorpresa,p088\camaraInfrarroja\Sorpresa.npy,89,64,64,3,2026-04-22 21:18:48
p088,camaraInfrarroja,Tristeza,p088\camaraInfrarroja\Tristeza.npy,122,64,64,3,2026-04-22 21:18:58
p088,camaraWeb,Asco,p088\camaraWeb\Asco.npy,82,64,64,3,2026-04-22 21:19:05
p088,camaraWeb,Enojo,p088\camaraWeb\Enojo.npy,193,64,64,3,2026-04-22 21:19:20
p088,camaraWeb,Felicidad,p088\camaraWeb\Felicidad.npy,40,64,64,3,2026-04-22 21:19:23
p088,camaraWeb,Miedo,p088\camaraWeb\Miedo.npy,207,64,64,3,2026-04-22 21:19:41
p088,camaraWeb,Neutral,p088\camaraWeb\Neutral.npy,47,64,64,3,2026-04-22 21:19:44
p088,camaraWeb,Sorpresa,p088\camaraWeb\Sorpresa.npy,89,64,64,3,2026-04-22 21:19:54
p088,camaraWeb,Tristeza,p088\camaraWeb\Tristeza.npy,122,64,64,3,2026-04-22 21:20:09
p090,camaraInfrarroja,Asco,p090\camaraInfrarroja\Asco.npy,85,64,64,3,2026-04-22 21:20:19
p090,camaraInfrarroja,Enojo,p090\camaraInfrarroja\Enojo.npy,212,64,64,3,2026-04-22 21:20:36
p090,camaraInfrarroja,Felicidad,p090\camaraInfrarroja\Felicidad.npy,75,64,64,3,2026-04-22 21:20:44
p090,camaraInfrarroja,Miedo,p090\camaraInfrarroja\Miedo.npy,187,64,64,3,2026-04-22 21:20:53
p090,camaraInfrarroja,Neutral,p090\camaraInfrarroja\Neutral.npy,99,64,64,3,2026-04-22 21:20:59
p090,camaraInfrarroja,Sorpresa,p090\camaraInfrarroja\Sorpresa.npy,89,64,64,3,2026-04-22 21:21:05
p090,camaraInfrarroja,Tristeza,p090\camaraInfrarroja\Tristeza.npy,190,64,64,3,2026-04-22 21:21:16
p090,camaraWeb,Asco,p090\camaraWeb\Asco.npy,85,64,64,3,2026-04-22 21:21:20
p090,camaraWeb,Enojo,p090\camaraWeb\Enojo.npy,212,64,64,3,2026-04-22 21:21:31
p090,camaraWeb,Felicidad,p090\camaraWeb\Felicidad.npy,75,64,64,3,2026-04-22 21:21:34
p090,camaraWeb,Miedo,p090\camaraWeb\Miedo.npy,187,64,64,3,2026-04-22 21:21:45
p090,camaraWeb,Neutral,p090\camaraWeb\Neutral.npy,99,64,64,3,2026-04-22 21:21:52
p090,camaraWeb,Sorpresa,p090\camaraWeb\Sorpresa.npy,89,64,64,3,2026-04-22 21:21:56
p090,camaraWeb,Tristeza,p090\camaraWeb\Tristeza.npy,190,64,64,3,2026-04-22 21:22:06
p091,camaraInfrarroja,Asco,p091\camaraInfrarroja\Asco.npy,106,64,64,3,2026-04-22 21:22:12
p091,camaraInfrarroja,Enojo,p091\camaraInfrarroja\Enojo.npy,139,64,64,3,2026-04-22 21:22:18
p091,camaraInfrarroja,Felicidad,p091\camaraInfrarroja\Felicidad.npy,96,64,64,3,2026-04-22 21:22:23
p091,camaraInfrarroja,Miedo,p091\camaraInfrarroja\Miedo.npy,79,64,64,3,2026-04-22 21:22:27
p091,camaraInfrarroja,Neutral,p091\camaraInfrarroja\Neutral.npy,95,64,64,3,2026-04-22 21:22:34
p091,camaraInfrarroja,Sorpresa,p091\camaraInfrarroja\Sorpresa.npy,56,64,64,3,2026-04-22 21:22:36
p091,camaraInfrarroja,Tristeza,p091\camaraInfrarroja\Tristeza.npy,205,64,64,3,2026-04-22 21:22:46
p091,camaraWeb,Asco,p091\camaraWeb\Asco.npy,106,64,64,3,2026-04-22 21:22:51
p091,camaraWeb,Enojo,p091\camaraWeb\Enojo.npy,139,64,64,3,2026-04-22 21:22:58
p091,camaraWeb,Felicidad,p091\camaraWeb\Felicidad.npy,96,64,64,3,2026-04-22 21:23:04
p091,camaraWeb,Miedo,p091\camaraWeb\Miedo.npy,79,64,64,3,2026-04-22 21:23:18
p091,camaraWeb,Neutral,p091\camaraWeb\Neutral.npy,95,64,64,3,2026-04-22 21:23:23
p091,camaraWeb,Sorpresa,p091\camaraWeb\Sorpresa.npy,56,64,64,3,2026-04-22 21:23:26
p091,camaraWeb,Tristeza,p091\camaraWeb\Tristeza.npy,205,64,64,3,2026-04-22 21:23:37
p093,camaraInfrarroja,Asco,p093\camaraInfrarroja\Asco.npy,51,64,64,3,2026-04-22 21:23:39
p093,camaraInfrarroja,Enojo,p093\camaraInfrarroja\Enojo.npy,223,64,64,3,2026-04-22 21:23:48
p093,camaraInfrarroja,Felicidad,p093\camaraInfrarroja\Felicidad.npy,86,64,64,3,2026-04-22 21:23:52
p093,camaraInfrarroja,Miedo,p093\camaraInfrarroja\Miedo.npy,363,64,64,3,2026-04-22 21:24:07
p093,camaraInfrarroja,Neutral,p093\camaraInfrarroja\Neutral.npy,87,64,64,3,2026-04-22 21:24:10
p093,camaraInfrarroja,Sorpresa,p093\camaraInfrarroja\Sorpresa.npy,80,64,64,3,2026-04-22 21:24:13
p093,camaraInfrarroja,Tristeza,p093\camaraInfrarroja\Tristeza.npy,347,64,64,3,2026-04-22 21:24:29
p093,camaraWeb,Asco,p093\camaraWeb\Asco.npy,51,64,64,3,2026-04-22 21:24:34
p093,camaraWeb,Enojo,p093\camaraWeb\Enojo.npy,223,64,64,3,2026-04-22 21:24:50
p093,camaraWeb,Felicidad,p093\camaraWeb\Felicidad.npy,86,64,64,3,2026-04-22 21:24:57
p093,camaraWeb,Miedo,p093\camaraWeb\Miedo.npy,363,64,64,3,2026-04-22 21:25:16
p093,camaraWeb,Neutral,p093\camaraWeb\Neutral.npy,87,64,64,3,2026-04-22 21:25:20
p093,camaraWeb,Sorpresa,p093\camaraWeb\Sorpresa.npy,80,64,64,3,2026-04-22 21:25:24
p093,camaraWeb,Tristeza,p093\camaraWeb\Tristeza.npy,347,64,64,3,2026-04-22 21:25:45
p094,camaraInfrarroja,Asco,p094\camaraInfrarroja\Asco.npy,65,64,64,3,2026-04-22 21:25:47
p094,camaraInfrarroja,Enojo,p094\camaraInfrarroja\Enojo.npy,239,64,64,3,2026-04-22 21:25:58
p094,camaraInfrarroja,Felicidad,p094\camaraInfrarroja\Felicidad.npy,304,64,64,3,2026-04-22 21:26:19
p094,camaraInfrarroja,Miedo,p094\camaraInfrarroja\Miedo.npy,187,64,64,3,2026-04-22 21:26:33
p094,camaraInfrarroja,Neutral,p094\camaraInfrarroja\Neutral.npy,122,64,64,3,2026-04-22 21:26:42
p094,camaraInfrarroja,Sorpresa,p094\camaraInfrarroja\Sorpresa.npy,99,64,64,3,2026-04-22 21:26:49
p094,camaraInfrarroja,Tristeza,p094\camaraInfrarroja\Tristeza.npy,271,64,64,3,2026-04-22 21:27:09
p094,camaraWeb,Asco,p094\camaraWeb\Asco.npy,65,64,64,3,2026-04-22 21:27:17
p094,camaraWeb,Enojo,p094\camaraWeb\Enojo.npy,239,64,64,3,2026-04-22 21:27:44
p094,camaraWeb,Felicidad,p094\camaraWeb\Felicidad.npy,241,64,64,3,2026-04-22 21:28:00
p094,camaraWeb,Miedo,p094\camaraWeb\Miedo.npy,187,64,64,3,2026-04-22 21:28:10
p094,camaraWeb,Neutral,p094\camaraWeb\Neutral.npy,121,64,64,3,2026-04-22 21:28:16
p094,camaraWeb,Sorpresa,p094\camaraWeb\Sorpresa.npy,99,64,64,3,2026-04-22 21:28:21
p094,camaraWeb,Tristeza,p094\camaraWeb\Tristeza.npy,271,64,64,3,2026-04-22 21:28:36
p095,camaraInfrarroja,Asco,p095\camaraInfrarroja\Asco.npy,104,64,64,3,2026-04-22 21:28:41
p095,camaraInfrarroja,Enojo,p095\camaraInfrarroja\Enojo.npy,176,64,64,3,2026-04-22 21:28:51
p095,camaraInfrarroja,Felicidad,p095\camaraInfrarroja\Felicidad.npy,66,64,64,3,2026-04-22 21:28:55
p095,camaraInfrarroja,Miedo,p095\camaraInfrarroja\Miedo.npy,243,64,64,3,2026-04-22 21:29:08
p095,camaraInfrarroja,Neutral,p095\camaraInfrarroja\Neutral.npy,108,64,64,3,2026-04-22 21:29:12
p095,camaraInfrarroja,Sorpresa,p095\camaraInfrarroja\Sorpresa.npy,34,64,64,3,2026-04-22 21:29:13
p095,camaraInfrarroja,Tristeza,p095\camaraInfrarroja\Tristeza.npy,260,64,64,3,2026-04-22 21:29:28
p095,camaraWeb,Asco,p095\camaraWeb\Asco.npy,104,64,64,3,2026-04-22 21:29:36
p095,camaraWeb,Enojo,p095\camaraWeb\Enojo.npy,176,64,64,3,2026-04-22 21:29:45
p095,camaraWeb,Felicidad,p095\camaraWeb\Felicidad.npy,66,64,64,3,2026-04-22 21:29:49
p095,camaraWeb,Miedo,p095\camaraWeb\Miedo.npy,243,64,64,3,2026-04-22 21:30:02
p095,camaraWeb,Neutral,p095\camaraWeb\Neutral.npy,108,64,64,3,2026-04-22 21:30:08
p095,camaraWeb,Sorpresa,p095\camaraWeb\Sorpresa.npy,34,64,64,3,2026-04-22 21:30:10
p095,camaraWeb,Tristeza,p095\camaraWeb\Tristeza.npy,260,64,64,3,2026-04-22 21:30:24
p097,camaraInfrarroja,Asco,p097\camaraInfrarroja\Asco.npy,199,64,64,3,2026-04-22 21:30:35
p097,camaraInfrarroja,Enojo,p097\camaraInfrarroja\Enojo.npy,262,64,64,3,2026-04-22 21:30:45
p097,camaraInfrarroja,Felicidad,p097\camaraInfrarroja\Felicidad.npy,118,64,64,3,2026-04-22 21:30:51
p097,camaraInfrarroja,Miedo,p097\camaraInfrarroja\Miedo.npy,247,64,64,3,2026-04-22 21:31:01
p097,camaraInfrarroja,Neutral,p097\camaraInfrarroja\Neutral.npy,66,64,64,3,2026-04-22 21:31:04
p097,camaraInfrarroja,Sorpresa,p097\camaraInfrarroja\Sorpresa.npy,99,64,64,3,2026-04-22 21:31:08
p097,camaraInfrarroja,Tristeza,p097\camaraInfrarroja\Tristeza.npy,167,64,64,3,2026-04-22 21:31:17
p098,camaraInfrarroja,Asco,p098\camaraInfrarroja\Asco.npy,73,64,64,3,2026-04-22 21:31:20
p098,camaraInfrarroja,Enojo,p098\camaraInfrarroja\Enojo.npy,320,64,64,3,2026-04-22 21:31:33
p098,camaraInfrarroja,Felicidad,p098\camaraInfrarroja\Felicidad.npy,445,64,64,3,2026-04-22 21:31:51
p098,camaraInfrarroja,Miedo,p098\camaraInfrarroja\Miedo.npy,263,64,64,3,2026-04-22 21:32:03
p098,camaraInfrarroja,Neutral,p098\camaraInfrarroja\Neutral.npy,133,64,64,3,2026-04-22 21:32:08
p098,camaraInfrarroja,Sorpresa,p098\camaraInfrarroja\Sorpresa.npy,56,64,64,3,2026-04-22 21:32:10
p098,camaraInfrarroja,Tristeza,p098\camaraInfrarroja\Tristeza.npy,108,64,64,3,2026-04-22 21:32:16
p098,camaraWeb,Asco,p098\camaraWeb\Asco.npy,73,64,64,3,2026-04-22 21:32:19
p098,camaraWeb,Enojo,p098\camaraWeb\Enojo.npy,320,64,64,3,2026-04-22 21:32:44
p098,camaraWeb,Felicidad,p098\camaraWeb\Felicidad.npy,109,64,64,3,2026-04-22 21:33:08
p098,camaraWeb,Miedo,p098\camaraWeb\Miedo.npy,263,64,64,3,2026-04-22 21:33:26
p098,camaraWeb,Neutral,p098\camaraWeb\Neutral.npy,133,64,64,3,2026-04-22 21:33:33
p098,camaraWeb,Sorpresa,p098\camaraWeb\Sorpresa.npy,56,64,64,3,2026-04-22 21:33:36
p098,camaraWeb,Tristeza,p098\camaraWeb\Tristeza.npy,108,64,64,3,2026-04-22 21:33:40
p099,camaraInfrarroja,Asco,p099\camaraInfrarroja\Asco.npy,103,64,64,3,2026-04-22 21:33:45
p099,camaraInfrarroja,Enojo,p099\camaraInfrarroja\Enojo.npy,353,64,64,3,2026-04-22 21:34:00
p099,camaraInfrarroja,Felicidad,p099\camaraInfrarroja\Felicidad.npy,268,64,64,3,2026-04-22 21:34:11
p099,camaraInfrarroja,Miedo,p099\camaraInfrarroja\Miedo.npy,323,64,64,3,2026-04-22 21:34:25
p099,camaraInfrarroja,Neutral,p099\camaraInfrarroja\Neutral.npy,77,64,64,3,2026-04-22 21:34:28
p099,camaraInfrarroja,Sorpresa,p099\camaraInfrarroja\Sorpresa.npy,99,64,64,3,2026-04-22 21:34:32
p099,camaraInfrarroja,Tristeza,p099\camaraInfrarroja\Tristeza.npy,293,64,64,3,2026-04-22 21:34:44
p099,camaraWeb,Asco,p099\camaraWeb\Asco.npy,103,64,64,3,2026-04-22 21:34:49
p099,camaraWeb,Enojo,p099\camaraWeb\Enojo.npy,353,64,64,3,2026-04-22 21:35:10
p099,camaraWeb,Felicidad,p099\camaraWeb\Felicidad.npy,268,64,64,3,2026-04-22 21:35:21
p099,camaraWeb,Miedo,p099\camaraWeb\Miedo.npy,323,64,64,3,2026-04-22 21:35:35
p099,camaraWeb,Neutral,p099\camaraWeb\Neutral.npy,77,64,64,3,2026-04-22 21:35:40
p099,camaraWeb,Sorpresa,p099\camaraWeb\Sorpresa.npy,99,64,64,3,2026-04-22 21:35:44
p099,camaraWeb,Tristeza,p099\camaraWeb\Tristeza.npy,293,64,64,3,2026-04-22 21:36:00
p100,camaraInfrarroja,Asco,p100\camaraInfrarroja\Asco.npy,103,64,64,3,2026-04-22 21:36:05
p100,camaraInfrarroja,Enojo,p100\camaraInfrarroja\Enojo.npy,530,64,64,3,2026-04-22 21:36:28
p100,camaraInfrarroja,Felicidad,p100\camaraInfrarroja\Felicidad.npy,141,64,64,3,2026-04-22 21:36:35
p100,camaraInfrarroja,Miedo,p100\camaraInfrarroja\Miedo.npy,387,64,64,3,2026-04-22 21:36:53
p100,camaraInfrarroja,Neutral,p100\camaraInfrarroja\Neutral.npy,136,64,64,3,2026-04-22 21:36:58
p100,camaraInfrarroja,Sorpresa,p100\camaraInfrarroja\Sorpresa.npy,99,64,64,3,2026-04-22 21:37:02
p100,camaraInfrarroja,Tristeza,p100\camaraInfrarroja\Tristeza.npy,390,64,64,3,2026-04-22 21:37:19
p100,camaraWeb,Asco,p100\camaraWeb\Asco.npy,103,64,64,3,2026-04-22 21:37:28
p100,camaraWeb,Enojo,p100\camaraWeb\Enojo.npy,530,64,64,3,2026-04-22 21:38:23
p100,camaraWeb,Felicidad,p100\camaraWeb\Felicidad.npy,141,64,64,3,2026-04-22 21:38:35
p100,camaraWeb,Miedo,p100\camaraWeb\Miedo.npy,387,64,64,3,2026-04-22 21:39:13
p100,camaraWeb,Neutral,p100\camaraWeb\Neutral.npy,134,64,64,3,2026-04-22 21:39:24
p100,camaraWeb,Sorpresa,p100\camaraWeb\Sorpresa.npy,99,64,64,3,2026-04-22 21:39:32
p100,camaraWeb,Tristeza,p100\camaraWeb\Tristeza.npy,390,64,64,3,2026-04-22 21:40:04
p101,camaraInfrarroja,Asco,p101\camaraInfrarroja\Asco.npy,131,64,64,3,2026-04-22 21:40:20
p101,camaraInfrarroja,Enojo,p101\camaraInfrarroja\Enojo.npy,370,64,64,3,2026-04-22 21:41:19
p101,camaraInfrarroja,Felicidad,p101\camaraInfrarroja\Felicidad.npy,441,64,64,3,2026-04-22 21:42:06
p101,camaraInfrarroja,Miedo,p101\camaraInfrarroja\Miedo.npy,261,64,64,3,2026-04-22 21:42:36
p101,camaraInfrarroja,Neutral,p101\camaraInfrarroja\Neutral.npy,80,64,64,3,2026-04-22 21:42:46
p101,camaraInfrarroja,Sorpresa,p101\camaraInfrarroja\Sorpresa.npy,144,64,64,3,2026-04-22 21:43:21
p101,camaraInfrarroja,Tristeza,p101\camaraInfrarroja\Tristeza.npy,174,64,64,3,2026-04-22 21:43:59
p101,camaraWeb,Asco,p101\camaraWeb\Asco.npy,87,64,64,3,2026-04-22 21:44:06
p101,camaraWeb,Enojo,p101\camaraWeb\Enojo.npy,370,64,64,3,2026-04-22 21:44:28
p101,camaraWeb,Felicidad,p101\camaraWeb\Felicidad.npy,441,64,64,3,2026-04-22 21:45:08
p101,camaraWeb,Miedo,p101\camaraWeb\Miedo.npy,261,64,64,3,2026-04-22 21:45:35
p101,camaraWeb,Neutral,p101\camaraWeb\Neutral.npy,78,64,64,3,2026-04-22 21:45:44
p101,camaraWeb,Sorpresa,p101\camaraWeb\Sorpresa.npy,139,64,64,3,2026-04-22 21:45:58
p101,camaraWeb,Tristeza,p101\camaraWeb\Tristeza.npy,165,64,64,3,2026-04-22 21:46:12
p102,camaraInfrarroja,Asco,p102\camaraInfrarroja\Asco.npy,166,64,64,3,2026-04-22 21:46:30
p102,camaraInfrarroja,Enojo,p102\camaraInfrarroja\Enojo.npy,378,64,64,3,2026-04-22 21:47:09
p102,camaraInfrarroja,Felicidad,p102\camaraInfrarroja\Felicidad.npy,232,64,64,3,2026-04-22 21:47:36
p102,camaraInfrarroja,Miedo,p102\camaraInfrarroja\Miedo.npy,493,64,64,3,2026-04-22 21:48:28
p102,camaraInfrarroja,Neutral,p102\camaraInfrarroja\Neutral.npy,42,64,64,3,2026-04-22 21:48:53
p102,camaraInfrarroja,Sorpresa,p102\camaraInfrarroja\Sorpresa.npy,45,64,64,3,2026-04-22 21:48:57
p102,camaraInfrarroja,Tristeza,p102\camaraInfrarroja\Tristeza.npy,130,64,64,3,2026-04-22 21:49:12
p102,camaraWeb,Asco,p102\camaraWeb\Asco.npy,166,64,64,3,2026-04-22 21:49:23
p102,camaraWeb,Enojo,p102\camaraWeb\Enojo.npy,378,64,64,3,2026-04-22 21:49:46
p102,camaraWeb,Felicidad,p102\camaraWeb\Felicidad.npy,232,64,64,3,2026-04-22 21:49:58
p102,camaraWeb,Miedo,p102\camaraWeb\Miedo.npy,493,64,64,3,2026-04-22 21:50:42
p102,camaraWeb,Neutral,p102\camaraWeb\Neutral.npy,42,64,64,3,2026-04-22 21:50:48
p102,camaraWeb,Sorpresa,p102\camaraWeb\Sorpresa.npy,45,64,64,3,2026-04-22 21:50:53
p102,camaraWeb,Tristeza,p102\camaraWeb\Tristeza.npy,130,64,64,3,2026-04-22 21:51:07
p103,camaraInfrarroja,Asco,p103\camaraInfrarroja\Asco.npy,79,64,64,3,2026-04-22 21:51:15
p103,camaraInfrarroja,Enojo,p103\camaraInfrarroja\Enojo.npy,133,64,64,3,2026-04-22 21:51:31
p103,camaraInfrarroja,Felicidad,p103\camaraInfrarroja\Felicidad.npy,257,64,64,3,2026-04-22 21:51:56
p103,camaraInfrarroja,Miedo,p103\camaraInfrarroja\Miedo.npy,118,64,64,3,2026-04-22 21:52:08
p103,camaraInfrarroja,Neutral,p103\camaraInfrarroja\Neutral.npy,125,64,64,3,2026-04-22 21:52:22
p103,camaraInfrarroja,Sorpresa,p103\camaraInfrarroja\Sorpresa.npy,66,64,64,3,2026-04-22 21:52:31
p103,camaraInfrarroja,Tristeza,p103\camaraInfrarroja\Tristeza.npy,155,64,64,3,2026-04-22 21:52:41
p103,camaraWeb,Asco,p103\camaraWeb\Asco.npy,79,64,64,3,2026-04-22 21:52:47
p103,camaraWeb,Enojo,p103\camaraWeb\Enojo.npy,133,64,64,3,2026-04-22 21:52:54
p103,camaraWeb,Felicidad,p103\camaraWeb\Felicidad.npy,257,64,64,3,2026-04-22 21:53:09
p103,camaraWeb,Miedo,p103\camaraWeb\Miedo.npy,118,64,64,3,2026-04-22 21:53:21
p103,camaraWeb,Neutral,p103\camaraWeb\Neutral.npy,125,64,64,3,2026-04-22 21:53:34
p103,camaraWeb,Sorpresa,p103\camaraWeb\Sorpresa.npy,66,64,64,3,2026-04-22 21:53:43
p103,camaraWeb,Tristeza,p103\camaraWeb\Tristeza.npy,155,64,64,3,2026-04-22 21:54:00
p104,camaraInfrarroja,Asco,p104\camaraInfrarroja\Asco.npy,40,64,64,3,2026-04-22 21:54:04
p104,camaraInfrarroja,Enojo,p104\camaraInfrarroja\Enojo.npy,241,64,64,3,2026-04-22 21:54:30
p104,camaraInfrarroja,Felicidad,p104\camaraInfrarroja\Felicidad.npy,32,64,64,3,2026-04-22 21:54:33
p104,camaraInfrarroja,Miedo,p104\camaraInfrarroja\Miedo.npy,55,64,64,3,2026-04-22 21:54:39
p104,camaraInfrarroja,Neutral,p104\camaraInfrarroja\Neutral.npy,58,64,64,3,2026-04-22 21:54:47
p104,camaraInfrarroja,Sorpresa,p104\camaraInfrarroja\Sorpresa.npy,25,64,64,3,2026-04-22 21:54:50
p104,camaraInfrarroja,Tristeza,p104\camaraInfrarroja\Tristeza.npy,23,64,64,3,2026-04-22 21:54:53
p104,camaraWeb,Asco,p104\camaraWeb\Asco.npy,40,64,64,3,2026-04-22 21:54:57
p104,camaraWeb,Enojo,p104\camaraWeb\Enojo.npy,241,64,64,3,2026-04-22 21:55:21
p104,camaraWeb,Felicidad,p104\camaraWeb\Felicidad.npy,32,64,64,3,2026-04-22 21:55:25
p104,camaraWeb,Miedo,p104\camaraWeb\Miedo.npy,55,64,64,3,2026-04-22 21:55:31
p104,camaraWeb,Neutral,p104\camaraWeb\Neutral.npy,58,64,64,3,2026-04-22 21:55:38
p104,camaraWeb,Sorpresa,p104\camaraWeb\Sorpresa.npy,25,64,64,3,2026-04-22 21:55:42
p104,camaraWeb,Tristeza,p104\camaraWeb\Tristeza.npy,23,64,64,3,2026-04-22 21:55:44
p105,camaraInfrarroja,Asco,p105\camaraInfrarroja\Asco.npy,84,64,64,3,2026-04-22 21:55:53
p105,camaraInfrarroja,Enojo,p105\camaraInfrarroja\Enojo.npy,144,64,64,3,2026-04-22 21:56:10
p105,camaraInfrarroja,Felicidad,p105\camaraInfrarroja\Felicidad.npy,55,64,64,3,2026-04-22 21:56:36
p105,camaraInfrarroja,Miedo,p105\camaraInfrarroja\Miedo.npy,67,64,64,3,2026-04-22 21:56:43
p105,camaraInfrarroja,Neutral,p105\camaraInfrarroja\Neutral.npy,70,64,64,3,2026-04-22 21:56:50
p105,camaraInfrarroja,Sorpresa,p105\camaraInfrarroja\Sorpresa.npy,47,64,64,3,2026-04-22 21:56:57
p105,camaraInfrarroja,Tristeza,p105\camaraInfrarroja\Tristeza.npy,44,64,64,3,2026-04-22 21:57:01
p105,camaraWeb,Asco,p105\camaraWeb\Asco.npy,84,64,64,3,2026-04-22 21:57:30
p105,camaraWeb,Enojo,p105\camaraWeb\Enojo.npy,144,64,64,3,2026-04-22 21:57:46
p105,camaraWeb,Felicidad,p105\camaraWeb\Felicidad.npy,55,64,64,3,2026-04-22 21:57:54
p105,camaraWeb,Miedo,p105\camaraWeb\Miedo.npy,67,64,64,3,2026-04-22 21:58:02
p105,camaraWeb,Neutral,p105\camaraWeb\Neutral.npy,70,64,64,3,2026-04-22 21:58:11
p105,camaraWeb,Sorpresa,p105\camaraWeb\Sorpresa.npy,47,64,64,3,2026-04-22 21:58:17
p105,camaraWeb,Tristeza,p105\camaraWeb\Tristeza.npy,44,64,64,3,2026-04-22 21:58:24
p106,camaraInfrarroja,Asco,p106\camaraInfrarroja\Asco.npy,124,64,64,3,2026-04-22 21:58:38
p106,camaraInfrarroja,Enojo,p106\camaraInfrarroja\Enojo.npy,62,64,64,3,2026-04-22 21:58:45
p106,camaraInfrarroja,Felicidad,p106\camaraInfrarroja\Felicidad.npy,18,64,64,3,2026-04-22 21:58:47
p106,camaraInfrarroja,Miedo,p106\camaraInfrarroja\Miedo.npy,58,64,64,3,2026-04-22 21:58:54
p106,camaraInfrarroja,Neutral,p106\camaraInfrarroja\Neutral.npy,48,64,64,3,2026-04-22 21:59:00
p106,camaraInfrarroja,Sorpresa,p106\camaraInfrarroja\Sorpresa.npy,40,64,64,3,2026-04-22 21:59:06
p106,camaraInfrarroja,Tristeza,p106\camaraInfrarroja\Tristeza.npy,35,64,64,3,2026-04-22 21:59:10
p106,camaraWeb,Asco,p106\camaraWeb\Asco.npy,124,64,64,3,2026-04-22 21:59:24
p106,camaraWeb,Enojo,p106\camaraWeb\Enojo.npy,62,64,64,3,2026-04-22 21:59:31
p106,camaraWeb,Felicidad,p106\camaraWeb\Felicidad.npy,18,64,64,3,2026-04-22 21:59:35
p106,camaraWeb,Miedo,p106\camaraWeb\Miedo.npy,58,64,64,3,2026-04-22 21:59:42
p106,camaraWeb,Neutral,p106\camaraWeb\Neutral.npy,48,64,64,3,2026-04-22 21:59:48
p106,camaraWeb,Sorpresa,p106\camaraWeb\Sorpresa.npy,40,64,64,3,2026-04-22 21:59:54
p106,camaraWeb,Tristeza,p106\camaraWeb\Tristeza.npy,35,64,64,3,2026-04-22 21:59:58
p107,camaraInfrarroja,Asco,p107\camaraInfrarroja\Asco.npy,73,64,64,3,2026-04-22 22:00:06
p107,camaraInfrarroja,Enojo,p107\camaraInfrarroja\Enojo.npy,114,64,64,3,2026-04-22 22:00:19
p107,camaraInfrarroja,Felicidad,p107\camaraInfrarroja\Felicidad.npy,18,64,64,3,2026-04-22 22:00:23
p107,camaraInfrarroja,Miedo,p107\camaraInfrarroja\Miedo.npy,64,64,64,3,2026-04-22 22:00:31
p107,camaraInfrarroja,Neutral,p107\camaraInfrarroja\Neutral.npy,67,64,64,3,2026-04-22 22:00:38
p107,camaraInfrarroja,Sorpresa,p107\camaraInfrarroja\Sorpresa.npy,24,64,64,3,2026-04-22 22:00:41
p107,camaraInfrarroja,Tristeza,p107\camaraInfrarroja\Tristeza.npy,76,64,64,3,2026-04-22 22:00:50
p107,camaraWeb,Asco,p107\camaraWeb\Asco.npy,73,64,64,3,2026-04-22 22:00:58
p107,camaraWeb,Enojo,p107\camaraWeb\Enojo.npy,114,64,64,3,2026-04-22 22:01:13
p107,camaraWeb,Felicidad,p107\camaraWeb\Felicidad.npy,18,64,64,3,2026-04-22 22:01:15
p107,camaraWeb,Miedo,p107\camaraWeb\Miedo.npy,64,64,64,3,2026-04-22 22:01:23
p107,camaraWeb,Neutral,p107\camaraWeb\Neutral.npy,67,64,64,3,2026-04-22 22:01:31
p107,camaraWeb,Sorpresa,p107\camaraWeb\Sorpresa.npy,24,64,64,3,2026-04-22 22:01:35
p107,camaraWeb,Tristeza,p107\camaraWeb\Tristeza.npy,76,64,64,3,2026-04-22 22:01:41
p108,camaraInfrarroja,Asco,p108\camaraInfrarroja\Asco.npy,32,64,64,3,2026-04-22 22:01:44
p108,camaraInfrarroja,Enojo,p108\camaraInfrarroja\Enojo.npy,50,64,64,3,2026-04-22 22:01:50
p108,camaraInfrarroja,Felicidad,p108\camaraInfrarroja\Felicidad.npy,91,64,64,3,2026-04-22 22:02:00
p108,camaraInfrarroja,Miedo,p108\camaraInfrarroja\Miedo.npy,41,64,64,3,2026-04-22 22:02:06
p108,camaraInfrarroja,Neutral,p108\camaraInfrarroja\Neutral.npy,67,64,64,3,2026-04-22 22:02:14
p108,camaraInfrarroja,Sorpresa,p108\camaraInfrarroja\Sorpresa.npy,64,64,64,3,2026-04-22 22:02:24
p108,camaraInfrarroja,Tristeza,p108\camaraInfrarroja\Tristeza.npy,84,64,64,3,2026-04-22 22:02:53
p108,camaraWeb,Asco,p108\camaraWeb\Asco.npy,32,64,64,3,2026-04-22 22:02:59
p108,camaraWeb,Enojo,p108\camaraWeb\Enojo.npy,50,64,64,3,2026-04-22 22:03:09
p108,camaraWeb,Felicidad,p108\camaraWeb\Felicidad.npy,91,64,64,3,2026-04-22 22:03:20
p108,camaraWeb,Miedo,p108\camaraWeb\Miedo.npy,41,64,64,3,2026-04-22 22:03:27
p108,camaraWeb,Neutral,p108\camaraWeb\Neutral.npy,67,64,64,3,2026-04-22 22:03:54
p108,camaraWeb,Sorpresa,p108\camaraWeb\Sorpresa.npy,64,64,64,3,2026-04-22 22:04:02
p108,camaraWeb,Tristeza,p108\camaraWeb\Tristeza.npy,84,64,64,3,2026-04-22 22:04:09
p109,camaraInfrarroja,Asco,p109\camaraInfrarroja\Asco.npy,36,64,64,3,2026-04-22 22:04:12
p109,camaraInfrarroja,Enojo,p109\camaraInfrarroja\Enojo.npy,86,64,64,3,2026-04-22 22:04:22
p109,camaraInfrarroja,Felicidad,p109\camaraInfrarroja\Felicidad.npy,28,64,64,3,2026-04-22 22:04:25
p109,camaraInfrarroja,Miedo,p109\camaraInfrarroja\Miedo.npy,120,64,64,3,2026-04-22 22:04:39
p109,camaraInfrarroja,Neutral,p109\camaraInfrarroja\Neutral.npy,18,64,64,3,2026-04-22 22:04:42
p109,camaraInfrarroja,Sorpresa,p109\camaraInfrarroja\Sorpresa.npy,52,64,64,3,2026-04-22 22:04:50
p109,camaraInfrarroja,Tristeza,p109\camaraInfrarroja\Tristeza.npy,31,64,64,3,2026-04-22 22:04:54
p109,camaraWeb,Asco,p109\camaraWeb\Asco.npy,36,64,64,3,2026-04-22 22:04:59
p109,camaraWeb,Enojo,p109\camaraWeb\Enojo.npy,86,64,64,3,2026-04-22 22:05:09
p109,camaraWeb,Felicidad,p109\camaraWeb\Felicidad.npy,31,64,64,3,2026-04-22 22:05:12
p109,camaraWeb,Miedo,p109\camaraWeb\Miedo.npy,120,64,64,3,2026-04-22 22:05:26
p109,camaraWeb,Neutral,p109\camaraWeb\Neutral.npy,18,64,64,3,2026-04-22 22:05:29
p109,camaraWeb,Sorpresa,p109\camaraWeb\Sorpresa.npy,52,64,64,3,2026-04-22 22:05:36
p109,camaraWeb,Tristeza,p109\camaraWeb\Tristeza.npy,31,64,64,3,2026-04-22 22:05:39
p110,camaraInfrarroja,Asco,p110\camaraInfrarroja\Asco.npy,47,64,64,3,2026-04-22 22:05:46
p110,camaraInfrarroja,Enojo,p110\camaraInfrarroja\Enojo.npy,38,64,64,3,2026-04-22 22:05:50
p110,camaraInfrarroja,Felicidad,p110\camaraInfrarroja\Felicidad.npy,19,64,64,3,2026-04-22 22:05:53
p110,camaraInfrarroja,Miedo,p110\camaraInfrarroja\Miedo.npy,58,64,64,3,2026-04-22 22:06:01
p110,camaraInfrarroja,Neutral,p110\camaraInfrarroja\Neutral.npy,12,64,64,3,2026-04-22 22:06:02
p110,camaraInfrarroja,Sorpresa,p110\camaraInfrarroja\Sorpresa.npy,18,64,64,3,2026-04-22 22:06:05
p110,camaraInfrarroja,Tristeza,p110\camaraInfrarroja\Tristeza.npy,55,64,64,3,2026-04-22 22:06:13
p110,camaraWeb,Asco,p110\camaraWeb\Asco.npy,47,64,64,3,2026-04-22 22:06:19
p110,camaraWeb,Enojo,p110\camaraWeb\Enojo.npy,38,64,64,3,2026-04-22 22:06:24
p110,camaraWeb,Felicidad,p110\camaraWeb\Felicidad.npy,19,64,64,3,2026-04-22 22:06:26
p110,camaraWeb,Miedo,p110\camaraWeb\Miedo.npy,58,64,64,3,2026-04-22 22:06:30
p110,camaraWeb,Neutral,p110\camaraWeb\Neutral.npy,12,64,64,3,2026-04-22 22:06:31
p110,camaraWeb,Sorpresa,p110\camaraWeb\Sorpresa.npy,18,64,64,3,2026-04-22 22:06:33
p110,camaraWeb,Tristeza,p110\camaraWeb\Tristeza.npy,55,64,64,3,2026-04-22 22:06:37
p111,camaraInfrarroja,Asco,p111\camaraInfrarroja\Asco.npy,7,64,64,3,2026-04-22 22:06:38
p111,camaraInfrarroja,Enojo,p111\camaraInfrarroja\Enojo.npy,60,64,64,3,2026-04-22 22:06:42
p111,camaraInfrarroja,Felicidad,p111\camaraInfrarroja\Felicidad.npy,44,64,64,3,2026-04-22 22:06:46
p111,camaraInfrarroja,Miedo,p111\camaraInfrarroja\Miedo.npy,25,64,64,3,2026-04-22 22:06:49
p111,camaraInfrarroja,Neutral,p111\camaraInfrarroja\Neutral.npy,15,64,64,3,2026-04-22 22:06:50
p111,camaraInfrarroja,Sorpresa,p111\camaraInfrarroja\Sorpresa.npy,22,64,64,3,2026-04-22 22:06:51
p111,camaraInfrarroja,Tristeza,p111\camaraInfrarroja\Tristeza.npy,43,64,64,3,2026-04-22 22:06:55
p111,camaraWeb,Asco,p111\camaraWeb\Asco.npy,7,64,64,3,2026-04-22 22:06:56
p111,camaraWeb,Enojo,p111\camaraWeb\Enojo.npy,60,64,64,3,2026-04-22 22:07:00
p111,camaraWeb,Felicidad,p111\camaraWeb\Felicidad.npy,44,64,64,3,2026-04-22 22:07:04
p111,camaraWeb,Miedo,p111\camaraWeb\Miedo.npy,25,64,64,3,2026-04-22 22:07:07
p111,camaraWeb,Neutral,p111\camaraWeb\Neutral.npy,15,64,64,3,2026-04-22 22:07:08
p111,camaraWeb,Sorpresa,p111\camaraWeb\Sorpresa.npy,22,64,64,3,2026-04-22 22:07:11
p111,camaraWeb,Tristeza,p111\camaraWeb\Tristeza.npy,43,64,64,3,2026-04-22 22:07:15
p112,camaraInfrarroja,Asco,p112\camaraInfrarroja\Asco.npy,32,64,64,3,2026-04-22 22:07:17
p112,camaraInfrarroja,Enojo,p112\camaraInfrarroja\Enojo.npy,17,64,64,3,2026-04-22 22:07:19
p112,camaraInfrarroja,Felicidad,p112\camaraInfrarroja\Felicidad.npy,18,64,64,3,2026-04-22 22:07:22
p112,camaraInfrarroja,Miedo,p112\camaraInfrarroja\Miedo.npy,19,64,64,3,2026-04-22 22:07:24
p112,camaraInfrarroja,Neutral,p112\camaraInfrarroja\Neutral.npy,32,64,64,3,2026-04-22 22:07:26
p112,camaraInfrarroja,Sorpresa,p112\camaraInfrarroja\Sorpresa.npy,25,64,64,3,2026-04-22 22:07:28
p112,camaraInfrarroja,Tristeza,p112\camaraInfrarroja\Tristeza.npy,45,64,64,3,2026-04-22 22:07:32
p112,camaraWeb,Asco,p112\camaraWeb\Asco.npy,32,64,64,3,2026-04-22 22:07:35
p112,camaraWeb,Enojo,p112\camaraWeb\Enojo.npy,17,64,64,3,2026-04-22 22:07:38
p112,camaraWeb,Felicidad,p112\camaraWeb\Felicidad.npy,18,64,64,3,2026-04-22 22:07:41
p112,camaraWeb,Miedo,p112\camaraWeb\Miedo.npy,19,64,64,3,2026-04-22 22:07:43
p112,camaraWeb,Neutral,p112\camaraWeb\Neutral.npy,32,64,64,3,2026-04-22 22:07:46
p112,camaraWeb,Sorpresa,p112\camaraWeb\Sorpresa.npy,25,64,64,3,2026-04-22 22:07:47
p112,camaraWeb,Tristeza,p112\camaraWeb\Tristeza.npy,45,64,64,3,2026-04-22 22:07:50
p113,camaraInfrarroja,Asco,p113\camaraInfrarroja\Asco.npy,28,64,64,3,2026-04-22 22:07:54
p113,camaraInfrarroja,Enojo,p113\camaraInfrarroja\Enojo.npy,40,64,64,3,2026-04-22 22:07:58
p113,camaraInfrarroja,Felicidad,p113\camaraInfrarroja\Felicidad.npy,26,64,64,3,2026-04-22 22:08:01
p113,camaraInfrarroja,Miedo,p113\camaraInfrarroja\Miedo.npy,33,64,64,3,2026-04-22 22:08:03
p113,camaraInfrarroja,Neutral,p113\camaraInfrarroja\Neutral.npy,26,64,64,3,2026-04-22 22:08:06
p113,camaraInfrarroja,Sorpresa,p113\camaraInfrarroja\Sorpresa.npy,15,64,64,3,2026-04-22 22:08:07
p113,camaraInfrarroja,Tristeza,p113\camaraInfrarroja\Tristeza.npy,15,64,64,3,2026-04-22 22:08:08
p113,camaraWeb,Asco,p113\camaraWeb\Asco.npy,28,64,64,3,2026-04-22 22:08:13
p113,camaraWeb,Enojo,p113\camaraWeb\Enojo.npy,40,64,64,3,2026-04-22 22:08:19
p113,camaraWeb,Felicidad,p113\camaraWeb\Felicidad.npy,26,64,64,3,2026-04-22 22:08:23
p113,camaraWeb,Miedo,p113\camaraWeb\Miedo.npy,33,64,64,3,2026-04-22 22:08:27
p113,camaraWeb,Neutral,p113\camaraWeb\Neutral.npy,26,64,64,3,2026-04-22 22:08:28
p113,camaraWeb,Sorpresa,p113\camaraWeb\Sorpresa.npy,15,64,64,3,2026-04-22 22:08:29
p113,camaraWeb,Tristeza,p113\camaraWeb\Tristeza.npy,15,64,64,3,2026-04-22 22:08:30
p114,camaraInfrarroja,Asco,p114\camaraInfrarroja\Asco.npy,46,64,64,3,2026-04-22 22:08:37
p114,camaraInfrarroja,Enojo,p114\camaraInfrarroja\Enojo.npy,61,64,64,3,2026-04-22 22:08:41
p114,camaraInfrarroja,Felicidad,p114\camaraInfrarroja\Felicidad.npy,12,64,64,3,2026-04-22 22:08:42
p114,camaraInfrarroja,Miedo,p114\camaraInfrarroja\Miedo.npy,37,64,64,3,2026-04-22 22:08:45
p114,camaraInfrarroja,Neutral,p114\camaraInfrarroja\Neutral.npy,22,64,64,3,2026-04-22 22:08:48
p114,camaraInfrarroja,Sorpresa,p114\camaraInfrarroja\Sorpresa.npy,16,64,64,3,2026-04-22 22:08:49
p114,camaraInfrarroja,Tristeza,p114\camaraInfrarroja\Tristeza.npy,1,64,64,3,2026-04-22 22:08:50
p114,camaraWeb,Asco,p114\camaraWeb\Asco.npy,48,64,64,3,2026-04-22 22:08:54
p114,camaraWeb,Enojo,p114\camaraWeb\Enojo.npy,61,64,64,3,2026-04-22 22:08:57
p114,camaraWeb,Felicidad,p114\camaraWeb\Felicidad.npy,12,64,64,3,2026-04-22 22:08:58
p114,camaraWeb,Miedo,p114\camaraWeb\Miedo.npy,37,64,64,3,2026-04-22 22:09:01
p114,camaraWeb,Neutral,p114\camaraWeb\Neutral.npy,22,64,64,3,2026-04-22 22:09:02
p114,camaraWeb,Sorpresa,p114\camaraWeb\Sorpresa.npy,16,64,64,3,2026-04-22 22:09:05
p114,camaraWeb,Tristeza,p114\camaraWeb\Tristeza.npy,22,64,64,3,2026-04-22 22:09:06
p115,camaraInfrarroja,Asco,p115\camaraInfrarroja\Asco.npy,20,64,64,3,2026-04-22 22:09:09
p115,camaraInfrarroja,Enojo,p115\camaraInfrarroja\Enojo.npy,36,64,64,3,2026-04-22 22:09:13
p115,camaraInfrarroja,Felicidad,p115\camaraInfrarroja\Felicidad.npy,43,64,64,3,2026-04-22 22:09:17
p115,camaraInfrarroja,Miedo,p115\camaraInfrarroja\Miedo.npy,38,64,64,3,2026-04-22 22:09:21
p115,camaraInfrarroja,Neutral,p115\camaraInfrarroja\Neutral.npy,29,64,64,3,2026-04-22 22:09:24
p115,camaraInfrarroja,Sorpresa,p115\camaraInfrarroja\Sorpresa.npy,9,64,64,3,2026-04-22 22:09:25
p115,camaraInfrarroja,Tristeza,p115\camaraInfrarroja\Tristeza.npy,19,64,64,3,2026-04-22 22:09:27
p115,camaraWeb,Asco,p115\camaraWeb\Asco.npy,20,64,64,3,2026-04-22 22:09:32
p115,camaraWeb,Enojo,p115\camaraWeb\Enojo.npy,36,64,64,3,2026-04-22 22:09:35
p115,camaraWeb,Felicidad,p115\camaraWeb\Felicidad.npy,43,64,64,3,2026-04-22 22:09:39
p115,camaraWeb,Miedo,p115\camaraWeb\Miedo.npy,38,64,64,3,2026-04-22 22:09:42
p115,camaraWeb,Neutral,p115\camaraWeb\Neutral.npy,29,64,64,3,2026-04-22 22:09:44
p115,camaraWeb,Sorpresa,p115\camaraWeb\Sorpresa.npy,9,64,64,3,2026-04-22 22:09:44
p115,camaraWeb,Tristeza,p115\camaraWeb\Tristeza.npy,19,64,64,3,2026-04-22 22:09:47
p116,camaraInfrarroja,Asco,p116\camaraInfrarroja\Asco.npy,21,64,64,3,2026-04-22 22:09:49
p116,camaraInfrarroja,Enojo,p116\camaraInfrarroja\Enojo.npy,18,64,64,3,2026-04-22 22:09:51
p116,camaraInfrarroja,Felicidad,p116\camaraInfrarroja\Felicidad.npy,21,64,64,3,2026-04-22 22:09:52
p116,camaraInfrarroja,Miedo,p116\camaraInfrarroja\Miedo.npy,21,64,64,3,2026-04-22 22:09:53
p116,camaraInfrarroja,Neutral,p116\camaraInfrarroja\Neutral.npy,21,64,64,3,2026-04-22 22:09:57
p116,camaraInfrarroja,Sorpresa,p116\camaraInfrarroja\Sorpresa.npy,18,64,64,3,2026-04-22 22:09:59
p116,camaraInfrarroja,Tristeza,p116\camaraInfrarroja\Tristeza.npy,20,64,64,3,2026-04-22 22:10:00
p116,camaraWeb,Asco,p116\camaraWeb\Asco.npy,25,64,64,3,2026-04-22 22:10:02
p116,camaraWeb,Enojo,p116\camaraWeb\Enojo.npy,25,64,64,3,2026-04-22 22:10:05
p116,camaraWeb,Felicidad,p116\camaraWeb\Felicidad.npy,25,64,64,3,2026-04-22 22:10:08
p116,camaraWeb,Miedo,p116\camaraWeb\Miedo.npy,25,64,64,3,2026-04-22 22:10:12
p116,camaraWeb,Neutral,p116\camaraWeb\Neutral.npy,21,64,64,3,2026-04-22 22:10:16
p116,camaraWeb,Sorpresa,p116\camaraWeb\Sorpresa.npy,25,64,64,3,2026-04-22 22:10:17
p116,camaraWeb,Tristeza,p116\camaraWeb\Tristeza.npy,21,64,64,3,2026-04-22 22:10:18
p117,camaraInfrarroja,Asco,p117\camaraInfrarroja\Asco.npy,1,64,64,3,2026-04-22 22:10:19
p117,camaraInfrarroja,Neutral,p117\camaraInfrarroja\Neutral.npy,25,64,64,3,2026-04-22 22:10:21
p117,camaraInfrarroja,Sorpresa,p117\camaraInfrarroja\Sorpresa.npy,21,64,64,3,2026-04-22 22:10:22
p117,camaraInfrarroja,Tristeza,p117\camaraInfrarroja\Tristeza.npy,22,64,64,3,2026-04-22 22:10:23
p117,camaraWeb,Asco,p117\camaraWeb\Asco.npy,21,64,64,3,2026-04-22 22:10:26
p117,camaraWeb,Felicidad,p117\camaraWeb\Felicidad.npy,24,64,64,3,2026-04-22 22:10:27
p117,camaraWeb,Miedo,p117\camaraWeb\Miedo.npy,21,64,64,3,2026-04-22 22:10:31
p117,camaraWeb,Neutral,p117\camaraWeb\Neutral.npy,21,64,64,3,2026-04-22 22:10:32
p117,camaraWeb,Sorpresa,p117\camaraWeb\Sorpresa.npy,21,64,64,3,2026-04-22 22:10:34
p117,camaraWeb,Tristeza,p117\camaraWeb\Tristeza.npy,21,64,64,3,2026-04-22 22:10:35
p118,camaraInfrarroja,Asco,p118\camaraInfrarroja\Asco.npy,21,64,64,3,2026-04-22 22:10:36
p118,camaraInfrarroja,Felicidad,p118\camaraInfrarroja\Felicidad.npy,25,64,64,3,2026-04-22 22:10:37
p118,camaraInfrarroja,Neutral,p118\camaraInfrarroja\Neutral.npy,21,64,64,3,2026-04-22 22:10:38
p118,camaraInfrarroja,Tristeza,p118\camaraInfrarroja\Tristeza.npy,31,64,64,3,2026-04-22 22:10:40
p118,camaraWeb,Asco,p118\camaraWeb\Asco.npy,25,64,64,3,2026-04-22 22:10:43
p118,camaraWeb,Felicidad,p118\camaraWeb\Felicidad.npy,25,64,64,3,2026-04-22 22:10:44
p118,camaraWeb,Neutral,p118\camaraWeb\Neutral.npy,21,64,64,3,2026-04-22 22:10:48
p118,camaraWeb,Tristeza,p118\camaraWeb\Tristeza.npy,25,64,64,3,2026-04-22 22:10:49
p119,camaraInfrarroja,Enojo,p119\camaraInfrarroja\Enojo.npy,24,64,64,3,2026-04-22 22:10:51
p119,camaraInfrarroja,Miedo,p119\camaraInfrarroja\Miedo.npy,24,64,64,3,2026-04-22 22:10:52
p119,camaraInfrarroja,Neutral,p119\camaraInfrarroja\Neutral.npy,24,64,64,3,2026-04-22 22:10:53
p119,camaraInfrarroja,Sorpresa,p119\camaraInfrarroja\Sorpresa.npy,24,64,64,3,2026-04-22 22:10:54
p119,camaraInfrarroja,Tristeza,p119\camaraInfrarroja\Tristeza.npy,27,64,64,3,2026-04-22 22:10:55
p119,camaraWeb,Enojo,p119\camaraWeb\Enojo.npy,24,64,64,3,2026-04-22 22:10:57
p119,camaraWeb,Miedo,p119\camaraWeb\Miedo.npy,24,64,64,3,2026-04-22 22:10:58
p119,camaraWeb,Neutral,p119\camaraWeb\Neutral.npy,24,64,64,3,2026-04-22 22:10:59
p119,camaraWeb,Sorpresa,p119\camaraWeb\Sorpresa.npy,24,64,64,3,2026-04-22 22:11:01
p119,camaraWeb,Tristeza,p119\camaraWeb\Tristeza.npy,24,64,64,3,2026-04-22 22:11:02
p120,camaraInfrarroja,Asco,p120\camaraInfrarroja\Asco.npy,24,64,64,3,2026-04-22 22:11:03
p120,camaraInfrarroja,Enojo,p120\camaraInfrarroja\Enojo.npy,24,64,64,3,2026-04-22 22:11:04
p120,camaraInfrarroja,Felicidad,p120\camaraInfrarroja\Felicidad.npy,24,64,64,3,2026-04-22 22:11:05
p120,camaraInfrarroja,Neutral,p120\camaraInfrarroja\Neutral.npy,24,64,64,3,2026-04-22 22:11:06
p120,camaraInfrarroja,Sorpresa,p120\camaraInfrarroja\Sorpresa.npy,24,64,64,3,2026-04-22 22:11:07
p120,camaraInfrarroja,Tristeza,p120\camaraInfrarroja\Tristeza.npy,24,64,64,3,2026-04-22 22:11:08
p120,camaraWeb,Asco,p120\camaraWeb\Asco.npy,24,64,64,3,2026-04-22 22:11:10
p120,camaraWeb,Enojo,p120\camaraWeb\Enojo.npy,24,64,64,3,2026-04-22 22:11:13
p120,camaraWeb,Felicidad,p120\camaraWeb\Felicidad.npy,24,64,64,3,2026-04-22 22:11:14
p120,camaraWeb,Neutral,p120\camaraWeb\Neutral.npy,27,64,64,3,2026-04-22 22:11:15
p120,camaraWeb,Sorpresa,p120\camaraWeb\Sorpresa.npy,24,64,64,3,2026-04-22 22:11:17
p120,camaraWeb,Tristeza,p120\camaraWeb\Tristeza.npy,24,64,64,3,2026-04-22 22:11:18
p121,camaraInfrarroja,Neutral,p121\camaraInfrarroja\Neutral.npy,23,64,64,3,2026-04-22 22:11:19
p121,camaraInfrarroja,Tristeza,p121\camaraInfrarroja\Tristeza.npy,23,64,64,3,2026-04-22 22:11:20
p121,camaraWeb,Neutral,p121\camaraWeb\Neutral.npy,26,64,64,3,2026-04-22 22:11:22
p121,camaraWeb,Tristeza,p121\camaraWeb\Tristeza.npy,22,64,64,3,2026-04-22 22:11:23
p122,camaraInfrarroja,Asco,p122\camaraInfrarroja\Asco.npy,24,64,64,3,2026-04-22 22:11:24
p122,camaraInfrarroja,Enojo,p122\camaraInfrarroja\Enojo.npy,24,64,64,3,2026-04-22 22:11:25
p122,camaraInfrarroja,Miedo,p122\camaraInfrarroja\Miedo.npy,24,64,64,3,2026-04-22 22:11:26
p122,camaraInfrarroja,Neutral,p122\camaraInfrarroja\Neutral.npy,24,64,64,3,2026-04-22 22:11:49
p122,camaraInfrarroja,Sorpresa,p122\camaraInfrarroja\Sorpresa.npy,22,64,64,3,2026-04-22 22:11:50
p122,camaraWeb,Asco,p122\camaraWeb\Asco.npy,24,64,64,3,2026-04-22 22:11:52
p122,camaraWeb,Enojo,p122\camaraWeb\Enojo.npy,28,64,64,3,2026-04-22 22:11:55
p122,camaraWeb,Miedo,p122\camaraWeb\Miedo.npy,24,64,64,3,2026-04-22 22:11:56
p122,camaraWeb,Neutral,p122\camaraWeb\Neutral.npy,24,64,64,3,2026-04-22 22:11:58
p122,camaraWeb,Sorpresa,p122\camaraWeb\Sorpresa.npy,24,64,64,3,2026-04-22 22:11:59
p123,camaraInfrarroja,Felicidad,p123\camaraInfrarroja\Felicidad.npy,24,64,64,3,2026-04-22 22:12:00
p123,camaraInfrarroja,Neutral,p123\camaraInfrarroja\Neutral.npy,24,64,64,3,2026-04-22 22:12:01
p123,camaraWeb,Felicidad,p123\camaraWeb\Felicidad.npy,22,64,64,3,2026-04-22 22:12:03
p123,camaraWeb,Neutral,p123\camaraWeb\Neutral.npy,26,64,64,3,2026-04-22 22:12:04
p124,camaraInfrarroja,Asco,p124\camaraInfrarroja\Asco.npy,26,64,64,3,2026-04-22 22:12:07
p124,camaraInfrarroja,Enojo,p124\camaraInfrarroja\Enojo.npy,26,64,64,3,2026-04-22 22:12:08
p124,camaraInfrarroja,Miedo,p124\camaraInfrarroja\Miedo.npy,26,64,64,3,2026-04-22 22:12:09
p124,camaraInfrarroja,Neutral,p124\camaraInfrarroja\Neutral.npy,27,64,64,3,2026-04-22 22:12:10
p124,camaraInfrarroja,Sorpresa,p124\camaraInfrarroja\Sorpresa.npy,29,64,64,3,2026-04-22 22:12:13
p124,camaraWeb,Asco,p124\camaraWeb\Asco.npy,26,64,64,3,2026-04-22 22:12:14
p124,camaraWeb,Enojo,p124\camaraWeb\Enojo.npy,23,64,64,3,2026-04-22 22:12:16
p124,camaraWeb,Miedo,p124\camaraWeb\Miedo.npy,26,64,64,3,2026-04-22 22:12:17
p124,camaraWeb,Neutral,p124\camaraWeb\Neutral.npy,20,64,64,3,2026-04-22 22:12:18
p124,camaraWeb,Sorpresa,p124\camaraWeb\Sorpresa.npy,23,64,64,3,2026-04-22 22:12:20
p125,camaraInfrarroja,Asco,p125\camaraInfrarroja\Asco.npy,26,64,64,3,2026-04-22 22:12:21
p125,camaraInfrarroja,Enojo,p125\camaraInfrarroja\Enojo.npy,26,64,64,3,2026-04-22 22:12:22
p125,camaraInfrarroja,Felicidad,p125\camaraInfrarroja\Felicidad.npy,26,64,64,3,2026-04-22 22:12:26
p125,camaraInfrarroja,Miedo,p125\camaraInfrarroja\Miedo.npy,26,64,64,3,2026-04-22 22:12:27
p125,camaraInfrarroja,Neutral,p125\camaraInfrarroja\Neutral.npy,21,64,64,3,2026-04-22 22:12:29
p125,camaraInfrarroja,Sorpresa,p125\camaraInfrarroja\Sorpresa.npy,30,64,64,3,2026-04-22 22:12:30
p125,camaraInfrarroja,Tristeza,p125\camaraInfrarroja\Tristeza.npy,24,64,64,3,2026-04-22 22:12:31
p125,camaraWeb,Asco,p125\camaraWeb\Asco.npy,26,64,64,3,2026-04-22 22:12:33
p125,camaraWeb,Enojo,p125\camaraWeb\Enojo.npy,26,64,64,3,2026-04-22 22:12:36
p125,camaraWeb,Felicidad,p125\camaraWeb\Felicidad.npy,22,64,64,3,2026-04-22 22:12:37
p125,camaraWeb,Miedo,p125\camaraWeb\Miedo.npy,26,64,64,3,2026-04-22 22:12:39
p125,camaraWeb,Neutral,p125\camaraWeb\Neutral.npy,22,64,64,3,2026-04-22 22:12:40
p125,camaraWeb,Sorpresa,p125\camaraWeb\Sorpresa.npy,29,64,64,3,2026-04-22 22:12:42
p125,camaraWeb,Tristeza,p125\camaraWeb\Tristeza.npy,26,64,64,3,2026-04-22 22:12:43
p126,camaraInfrarroja,Asco,p126\camaraInfrarroja\Asco.npy,29,64,64,3,2026-04-22 22:12:44
p126,camaraInfrarroja,Enojo,p126\camaraInfrarroja\Enojo.npy,32,64,64,3,2026-04-22 22:12:46
p126,camaraInfrarroja,Felicidad,p126\camaraInfrarroja\Felicidad.npy,17,64,64,3,2026-04-22 22:12:47
p126,camaraInfrarroja,Miedo,p126\camaraInfrarroja\Miedo.npy,26,64,64,3,2026-04-22 22:12:48
p126,camaraInfrarroja,Neutral,p126\camaraInfrarroja\Neutral.npy,23,64,64,3,2026-04-22 22:12:49
p126,camaraInfrarroja,Sorpresa,p126\camaraInfrarroja\Sorpresa.npy,26,64,64,3,2026-04-22 22:12:50
p126,camaraInfrarroja,Tristeza,p126\camaraInfrarroja\Tristeza.npy,26,64,64,3,2026-04-22 22:12:51
p127,camaraInfrarroja,Asco,p127\camaraInfrarroja\Asco.npy,27,64,64,3,2026-04-22 22:12:55
p127,camaraInfrarroja,Enojo,p127\camaraInfrarroja\Enojo.npy,20,64,64,3,2026-04-22 22:12:58
p127,camaraInfrarroja,Felicidad,p127\camaraInfrarroja\Felicidad.npy,30,64,64,3,2026-04-22 22:12:59
p127,camaraInfrarroja,Miedo,p127\camaraInfrarroja\Miedo.npy,27,64,64,3,2026-04-22 22:13:00
p127,camaraInfrarroja,Neutral,p127\camaraInfrarroja\Neutral.npy,24,64,64,3,2026-04-22 22:13:01
p127,camaraInfrarroja,Sorpresa,p127\camaraInfrarroja\Sorpresa.npy,24,64,64,3,2026-04-22 22:13:02
p127,camaraInfrarroja,Tristeza,p127\camaraInfrarroja\Tristeza.npy,20,64,64,3,2026-04-22 22:13:03
p128,camaraInfrarroja,Asco,p128\camaraInfrarroja\Asco.npy,26,64,64,3,2026-04-22 22:13:06
p128,camaraInfrarroja,Enojo,p128\camaraInfrarroja\Enojo.npy,26,64,64,3,2026-04-22 22:13:08
p128,camaraInfrarroja,Felicidad,p128\camaraInfrarroja\Felicidad.npy,23,64,64,3,2026-04-22 22:13:09
p128,camaraInfrarroja,Miedo,p128\camaraInfrarroja\Miedo.npy,26,64,64,3,2026-04-22 22:13:11
p128,camaraInfrarroja,Neutral,p128\camaraInfrarroja\Neutral.npy,23,64,64,3,2026-04-22 22:13:11
p128,camaraInfrarroja,Tristeza,p128\camaraInfrarroja\Tristeza.npy,29,64,64,3,2026-04-22 22:13:13
p128,camaraWeb,Asco,p128\camaraWeb\Asco.npy,25,64,64,3,2026-04-22 22:13:16
p128,camaraWeb,Enojo,p128\camaraWeb\Enojo.npy,35,64,64,3,2026-04-22 22:13:19
p128,camaraWeb,Felicidad,p128\camaraWeb\Felicidad.npy,25,64,64,3,2026-04-22 22:13:22
p128,camaraWeb,Miedo,p128\camaraWeb\Miedo.npy,25,64,64,3,2026-04-22 22:13:25
p128,camaraWeb,Neutral,p128\camaraWeb\Neutral.npy,25,64,64,3,2026-04-22 22:13:28
p128,camaraWeb,Tristeza,p128\camaraWeb\Tristeza.npy,35,64,64,3,2026-04-22 22:13:30
p129,camaraInfrarroja,Neutral,p129\camaraInfrarroja\Neutral.npy,23,64,64,3,2026-04-22 22:13:31
p129,camaraInfrarroja,Sorpresa,p129\camaraInfrarroja\Sorpresa.npy,26,64,64,3,2026-04-22 22:13:34
p129,camaraWeb,Neutral,p129\camaraWeb\Neutral.npy,26,64,64,3,2026-04-22 22:13:36
p129,camaraWeb,Sorpresa,p129\camaraWeb\Sorpresa.npy,22,64,64,3,2026-04-22 22:13:39
p130,camaraInfrarroja,Asco,p130\camaraInfrarroja\Asco.npy,27,64,64,3,2026-04-22 22:13:41
p130,camaraInfrarroja,Felicidad,p130\camaraInfrarroja\Felicidad.npy,27,64,64,3,2026-04-22 22:13:42
p130,camaraInfrarroja,Neutral,p130\camaraInfrarroja\Neutral.npy,27,64,64,3,2026-04-22 22:13:43
p130,camaraInfrarroja,Sorpresa,p130\camaraInfrarroja\Sorpresa.npy,27,64,64,3,2026-04-22 22:13:44
p130,camaraWeb,Asco,p130\camaraWeb\Asco.npy,24,64,64,3,2026-04-22 22:13:46
p130,camaraWeb,Enojo,p130\camaraWeb\Enojo.npy,28,64,64,3,2026-04-22 22:13:47
p130,camaraWeb,Felicidad,p130\camaraWeb\Felicidad.npy,24,64,64,3,2026-04-22 22:14:08
p130,camaraWeb,Neutral,p130\camaraWeb\Neutral.npy,24,64,64,3,2026-04-22 22:14:12
p130,camaraWeb,Sorpresa,p130\camaraWeb\Sorpresa.npy,28,64,64,3,2026-04-22 22:14:15
